--------------------------------------------------------
--  File created - Thursday-May-04-2023   
--------------------------------------------------------
REM INSERTING into ADMIN
SET DEFINE OFF;
Insert into ADMIN (ID,NAME,EMAIL,PASSWORD) values (1,'D.Martin Vivas','vivasdema@gmail.com','vivasdema');
REM INSERTING into CART
SET DEFINE OFF;
Insert into CART (ID,PRODUCT_ID,QTY,ADDED_DATE,EMAIL) values (1,26,1,to_date('02-MAY-23','DD-MON-RR'),'vivasdema@gmail.com');
Insert into CART (ID,PRODUCT_ID,QTY,ADDED_DATE,EMAIL) values (2,8,1,to_date('02-MAY-23','DD-MON-RR'),'vivasdema@gmail.com');
REM INSERTING into CATEGORY
SET DEFINE OFF;
Insert into CATEGORY (ID,NAME,IMG) values (1,'Canned Food','canned.jpg');
Insert into CATEGORY (ID,NAME,IMG) values (2,'Dairy','dairy.jpg');
Insert into CATEGORY (ID,NAME,IMG) values (3,'Meat','meat.jpg');
Insert into CATEGORY (ID,NAME,IMG) values (4,'Vegetables','vegetables.jpg');
Insert into CATEGORY (ID,NAME,IMG) values (5,'Fruits','fruits.jpg');
Insert into CATEGORY (ID,NAME,IMG) values (6,'Others',null);
REM INSERTING into CHECKOUT_CART
SET DEFINE OFF;
Insert into CHECKOUT_CART (ID,PRODUCT_ID,QTY,ORDER_DATE,EMAIL,ORDER_ID) values (36,13,1,to_date('30-APR-23','DD-MON-RR'),'vivasdema@gmail.com',10341);
Insert into CHECKOUT_CART (ID,PRODUCT_ID,QTY,ORDER_DATE,EMAIL,ORDER_ID) values (37,14,1,to_date('30-APR-23','DD-MON-RR'),'vivasdema@gmail.com',10341);
Insert into CHECKOUT_CART (ID,PRODUCT_ID,QTY,ORDER_DATE,EMAIL,ORDER_ID) values (38,8,1,to_date('30-APR-23','DD-MON-RR'),'vivasdema@gmail.com',26648);
Insert into CHECKOUT_CART (ID,PRODUCT_ID,QTY,ORDER_DATE,EMAIL,ORDER_ID) values (416,1,1,to_date('24-FEB-23','DD-MON-RR'),'vivasdema@gmail.com',11692);
Insert into CHECKOUT_CART (ID,PRODUCT_ID,QTY,ORDER_DATE,EMAIL,ORDER_ID) values (210,24,2,to_date('24-FEB-23','DD-MON-RR'),'vivasdema@gmail.com',17141);
Insert into CHECKOUT_CART (ID,PRODUCT_ID,QTY,ORDER_DATE,EMAIL,ORDER_ID) values (208,16,2,to_date('24-FEB-23','DD-MON-RR'),'vivasdema@gmail.com',15830);
Insert into CHECKOUT_CART (ID,PRODUCT_ID,QTY,ORDER_DATE,EMAIL,ORDER_ID) values (491,5,1,to_date('24-FEB-23','DD-MON-RR'),'dopas01@pfw.edu',16416);
Insert into CHECKOUT_CART (ID,PRODUCT_ID,QTY,ORDER_DATE,EMAIL,ORDER_ID) values (354,30,2,to_date('25-FEB-23','DD-MON-RR'),'vivasdema@gmail.com',10792);
Insert into CHECKOUT_CART (ID,PRODUCT_ID,QTY,ORDER_DATE,EMAIL,ORDER_ID) values (291,26,2,to_date('25-FEB-23','DD-MON-RR'),'dopas01@pfw.edu',15920);
Insert into CHECKOUT_CART (ID,PRODUCT_ID,QTY,ORDER_DATE,EMAIL,ORDER_ID) values (404,15,2,to_date('25-FEB-23','DD-MON-RR'),'vivasdema@gmail.com',15479);
Insert into CHECKOUT_CART (ID,PRODUCT_ID,QTY,ORDER_DATE,EMAIL,ORDER_ID) values (580,29,1,to_date('26-FEB-23','DD-MON-RR'),'vivasdema@gmail.com',16645);
Insert into CHECKOUT_CART (ID,PRODUCT_ID,QTY,ORDER_DATE,EMAIL,ORDER_ID) values (261,12,1,to_date('26-FEB-23','DD-MON-RR'),'dopas01@pfw.edu',11896);
Insert into CHECKOUT_CART (ID,PRODUCT_ID,QTY,ORDER_DATE,EMAIL,ORDER_ID) values (365,8,2,to_date('26-FEB-23','DD-MON-RR'),'dopas01@pfw.edu',16521);
Insert into CHECKOUT_CART (ID,PRODUCT_ID,QTY,ORDER_DATE,EMAIL,ORDER_ID) values (361,9,1,to_date('27-FEB-23','DD-MON-RR'),'dopas01@pfw.edu',13087);
Insert into CHECKOUT_CART (ID,PRODUCT_ID,QTY,ORDER_DATE,EMAIL,ORDER_ID) values (254,9,2,to_date('27-FEB-23','DD-MON-RR'),'vivasdema@gmail.com',17919);
Insert into CHECKOUT_CART (ID,PRODUCT_ID,QTY,ORDER_DATE,EMAIL,ORDER_ID) values (147,24,1,to_date('27-FEB-23','DD-MON-RR'),'dopas01@pfw.edu',19995);
Insert into CHECKOUT_CART (ID,PRODUCT_ID,QTY,ORDER_DATE,EMAIL,ORDER_ID) values (455,2,1,to_date('27-FEB-23','DD-MON-RR'),'dopas01@pfw.edu',12856);
Insert into CHECKOUT_CART (ID,PRODUCT_ID,QTY,ORDER_DATE,EMAIL,ORDER_ID) values (530,18,1,to_date('28-FEB-23','DD-MON-RR'),'vivasdema@gmail.com',19813);
Insert into CHECKOUT_CART (ID,PRODUCT_ID,QTY,ORDER_DATE,EMAIL,ORDER_ID) values (575,5,1,to_date('28-FEB-23','DD-MON-RR'),'dopas01@pfw.edu',11911);
Insert into CHECKOUT_CART (ID,PRODUCT_ID,QTY,ORDER_DATE,EMAIL,ORDER_ID) values (242,27,1,to_date('28-FEB-23','DD-MON-RR'),'vivasdema@gmail.com',12932);
Insert into CHECKOUT_CART (ID,PRODUCT_ID,QTY,ORDER_DATE,EMAIL,ORDER_ID) values (429,24,2,to_date('28-FEB-23','DD-MON-RR'),'dopas01@pfw.edu',14146);
Insert into CHECKOUT_CART (ID,PRODUCT_ID,QTY,ORDER_DATE,EMAIL,ORDER_ID) values (127,15,1,to_date('28-FEB-23','DD-MON-RR'),'dopas01@pfw.edu',15540);
Insert into CHECKOUT_CART (ID,PRODUCT_ID,QTY,ORDER_DATE,EMAIL,ORDER_ID) values (329,3,2,to_date('28-FEB-23','DD-MON-RR'),'dopas01@pfw.edu',14187);
Insert into CHECKOUT_CART (ID,PRODUCT_ID,QTY,ORDER_DATE,EMAIL,ORDER_ID) values (107,13,2,to_date('01-MAR-23','DD-MON-RR'),'dopas01@pfw.edu',11385);
Insert into CHECKOUT_CART (ID,PRODUCT_ID,QTY,ORDER_DATE,EMAIL,ORDER_ID) values (159,5,1,to_date('01-MAR-23','DD-MON-RR'),'dopas01@pfw.edu',12768);
Insert into CHECKOUT_CART (ID,PRODUCT_ID,QTY,ORDER_DATE,EMAIL,ORDER_ID) values (516,13,2,to_date('01-MAR-23','DD-MON-RR'),'vivasdema@gmail.com',12950);
Insert into CHECKOUT_CART (ID,PRODUCT_ID,QTY,ORDER_DATE,EMAIL,ORDER_ID) values (551,3,2,to_date('01-MAR-23','DD-MON-RR'),'dopas01@pfw.edu',12227);
Insert into CHECKOUT_CART (ID,PRODUCT_ID,QTY,ORDER_DATE,EMAIL,ORDER_ID) values (167,19,1,to_date('02-MAR-23','DD-MON-RR'),'dopas01@pfw.edu',19997);
Insert into CHECKOUT_CART (ID,PRODUCT_ID,QTY,ORDER_DATE,EMAIL,ORDER_ID) values (507,5,2,to_date('02-MAR-23','DD-MON-RR'),'dopas01@pfw.edu',10730);
Insert into CHECKOUT_CART (ID,PRODUCT_ID,QTY,ORDER_DATE,EMAIL,ORDER_ID) values (451,12,2,to_date('02-MAR-23','DD-MON-RR'),'dopas01@pfw.edu',14426);
Insert into CHECKOUT_CART (ID,PRODUCT_ID,QTY,ORDER_DATE,EMAIL,ORDER_ID) values (461,15,2,to_date('02-MAR-23','DD-MON-RR'),'dopas01@pfw.edu',15724);
Insert into CHECKOUT_CART (ID,PRODUCT_ID,QTY,ORDER_DATE,EMAIL,ORDER_ID) values (500,25,2,to_date('02-MAR-23','DD-MON-RR'),'vivasdema@gmail.com',14492);
Insert into CHECKOUT_CART (ID,PRODUCT_ID,QTY,ORDER_DATE,EMAIL,ORDER_ID) values (419,28,2,to_date('02-MAR-23','DD-MON-RR'),'dopas01@pfw.edu',14240);
Insert into CHECKOUT_CART (ID,PRODUCT_ID,QTY,ORDER_DATE,EMAIL,ORDER_ID) values (313,21,1,to_date('03-MAR-23','DD-MON-RR'),'dopas01@pfw.edu',14267);
Insert into CHECKOUT_CART (ID,PRODUCT_ID,QTY,ORDER_DATE,EMAIL,ORDER_ID) values (296,18,2,to_date('03-MAR-23','DD-MON-RR'),'vivasdema@gmail.com',15299);
Insert into CHECKOUT_CART (ID,PRODUCT_ID,QTY,ORDER_DATE,EMAIL,ORDER_ID) values (248,5,1,to_date('03-MAR-23','DD-MON-RR'),'vivasdema@gmail.com',14919);
Insert into CHECKOUT_CART (ID,PRODUCT_ID,QTY,ORDER_DATE,EMAIL,ORDER_ID) values (164,12,2,to_date('03-MAR-23','DD-MON-RR'),'vivasdema@gmail.com',12046);
Insert into CHECKOUT_CART (ID,PRODUCT_ID,QTY,ORDER_DATE,EMAIL,ORDER_ID) values (559,19,2,to_date('03-MAR-23','DD-MON-RR'),'dopas01@pfw.edu',17858);
Insert into CHECKOUT_CART (ID,PRODUCT_ID,QTY,ORDER_DATE,EMAIL,ORDER_ID) values (129,22,2,to_date('03-MAR-23','DD-MON-RR'),'dopas01@pfw.edu',12657);
Insert into CHECKOUT_CART (ID,PRODUCT_ID,QTY,ORDER_DATE,EMAIL,ORDER_ID) values (552,11,1,to_date('03-MAR-23','DD-MON-RR'),'vivasdema@gmail.com',18835);
Insert into CHECKOUT_CART (ID,PRODUCT_ID,QTY,ORDER_DATE,EMAIL,ORDER_ID) values (519,27,2,to_date('03-MAR-23','DD-MON-RR'),'dopas01@pfw.edu',15686);
Insert into CHECKOUT_CART (ID,PRODUCT_ID,QTY,ORDER_DATE,EMAIL,ORDER_ID) values (182,4,2,to_date('04-MAR-23','DD-MON-RR'),'vivasdema@gmail.com',11088);
Insert into CHECKOUT_CART (ID,PRODUCT_ID,QTY,ORDER_DATE,EMAIL,ORDER_ID) values (246,18,1,to_date('04-MAR-23','DD-MON-RR'),'vivasdema@gmail.com',10844);
Insert into CHECKOUT_CART (ID,PRODUCT_ID,QTY,ORDER_DATE,EMAIL,ORDER_ID) values (509,15,2,to_date('04-MAR-23','DD-MON-RR'),'dopas01@pfw.edu',17483);
Insert into CHECKOUT_CART (ID,PRODUCT_ID,QTY,ORDER_DATE,EMAIL,ORDER_ID) values (438,19,1,to_date('04-MAR-23','DD-MON-RR'),'vivasdema@gmail.com',17570);
Insert into CHECKOUT_CART (ID,PRODUCT_ID,QTY,ORDER_DATE,EMAIL,ORDER_ID) values (257,18,2,to_date('05-MAR-23','DD-MON-RR'),'dopas01@pfw.edu',12802);
Insert into CHECKOUT_CART (ID,PRODUCT_ID,QTY,ORDER_DATE,EMAIL,ORDER_ID) values (351,16,2,to_date('05-MAR-23','DD-MON-RR'),'dopas01@pfw.edu',16056);
Insert into CHECKOUT_CART (ID,PRODUCT_ID,QTY,ORDER_DATE,EMAIL,ORDER_ID) values (375,2,2,to_date('05-MAR-23','DD-MON-RR'),'dopas01@pfw.edu',15588);
Insert into CHECKOUT_CART (ID,PRODUCT_ID,QTY,ORDER_DATE,EMAIL,ORDER_ID) values (535,11,2,to_date('05-MAR-23','DD-MON-RR'),'dopas01@pfw.edu',10985);
Insert into CHECKOUT_CART (ID,PRODUCT_ID,QTY,ORDER_DATE,EMAIL,ORDER_ID) values (504,18,2,to_date('06-MAR-23','DD-MON-RR'),'vivasdema@gmail.com',17776);
Insert into CHECKOUT_CART (ID,PRODUCT_ID,QTY,ORDER_DATE,EMAIL,ORDER_ID) values (229,14,2,to_date('06-MAR-23','DD-MON-RR'),'dopas01@pfw.edu',16778);
Insert into CHECKOUT_CART (ID,PRODUCT_ID,QTY,ORDER_DATE,EMAIL,ORDER_ID) values (131,12,1,to_date('06-MAR-23','DD-MON-RR'),'dopas01@pfw.edu',12436);
Insert into CHECKOUT_CART (ID,PRODUCT_ID,QTY,ORDER_DATE,EMAIL,ORDER_ID) values (501,1,2,to_date('07-MAR-23','DD-MON-RR'),'dopas01@pfw.edu',19096);
Insert into CHECKOUT_CART (ID,PRODUCT_ID,QTY,ORDER_DATE,EMAIL,ORDER_ID) values (505,16,1,to_date('07-MAR-23','DD-MON-RR'),'dopas01@pfw.edu',16646);
Insert into CHECKOUT_CART (ID,PRODUCT_ID,QTY,ORDER_DATE,EMAIL,ORDER_ID) values (550,14,2,to_date('07-MAR-23','DD-MON-RR'),'vivasdema@gmail.com',17846);
Insert into CHECKOUT_CART (ID,PRODUCT_ID,QTY,ORDER_DATE,EMAIL,ORDER_ID) values (324,14,1,to_date('07-MAR-23','DD-MON-RR'),'vivasdema@gmail.com',15256);
Insert into CHECKOUT_CART (ID,PRODUCT_ID,QTY,ORDER_DATE,EMAIL,ORDER_ID) values (235,18,2,to_date('07-MAR-23','DD-MON-RR'),'dopas01@pfw.edu',11703);
Insert into CHECKOUT_CART (ID,PRODUCT_ID,QTY,ORDER_DATE,EMAIL,ORDER_ID) values (265,21,1,to_date('07-MAR-23','DD-MON-RR'),'dopas01@pfw.edu',11411);
Insert into CHECKOUT_CART (ID,PRODUCT_ID,QTY,ORDER_DATE,EMAIL,ORDER_ID) values (134,20,1,to_date('07-MAR-23','DD-MON-RR'),'vivasdema@gmail.com',14111);
Insert into CHECKOUT_CART (ID,PRODUCT_ID,QTY,ORDER_DATE,EMAIL,ORDER_ID) values (403,18,2,to_date('08-MAR-23','DD-MON-RR'),'dopas01@pfw.edu',13356);
Insert into CHECKOUT_CART (ID,PRODUCT_ID,QTY,ORDER_DATE,EMAIL,ORDER_ID) values (170,11,2,to_date('08-MAR-23','DD-MON-RR'),'vivasdema@gmail.com',10735);
Insert into CHECKOUT_CART (ID,PRODUCT_ID,QTY,ORDER_DATE,EMAIL,ORDER_ID) values (565,21,2,to_date('08-MAR-23','DD-MON-RR'),'dopas01@pfw.edu',14043);
Insert into CHECKOUT_CART (ID,PRODUCT_ID,QTY,ORDER_DATE,EMAIL,ORDER_ID) values (539,30,1,to_date('08-MAR-23','DD-MON-RR'),'dopas01@pfw.edu',11121);
Insert into CHECKOUT_CART (ID,PRODUCT_ID,QTY,ORDER_DATE,EMAIL,ORDER_ID) values (597,10,2,to_date('09-MAR-23','DD-MON-RR'),'dopas01@pfw.edu',12794);
Insert into CHECKOUT_CART (ID,PRODUCT_ID,QTY,ORDER_DATE,EMAIL,ORDER_ID) values (417,18,1,to_date('09-MAR-23','DD-MON-RR'),'dopas01@pfw.edu',17533);
Insert into CHECKOUT_CART (ID,PRODUCT_ID,QTY,ORDER_DATE,EMAIL,ORDER_ID) values (222,27,2,to_date('09-MAR-23','DD-MON-RR'),'vivasdema@gmail.com',17402);
Insert into CHECKOUT_CART (ID,PRODUCT_ID,QTY,ORDER_DATE,EMAIL,ORDER_ID) values (470,21,2,to_date('09-MAR-23','DD-MON-RR'),'vivasdema@gmail.com',11274);
Insert into CHECKOUT_CART (ID,PRODUCT_ID,QTY,ORDER_DATE,EMAIL,ORDER_ID) values (454,11,2,to_date('09-MAR-23','DD-MON-RR'),'vivasdema@gmail.com',10847);
Insert into CHECKOUT_CART (ID,PRODUCT_ID,QTY,ORDER_DATE,EMAIL,ORDER_ID) values (414,18,2,to_date('10-MAR-23','DD-MON-RR'),'vivasdema@gmail.com',12722);
Insert into CHECKOUT_CART (ID,PRODUCT_ID,QTY,ORDER_DATE,EMAIL,ORDER_ID) values (355,25,2,to_date('10-MAR-23','DD-MON-RR'),'dopas01@pfw.edu',17344);
Insert into CHECKOUT_CART (ID,PRODUCT_ID,QTY,ORDER_DATE,EMAIL,ORDER_ID) values (255,21,2,to_date('10-MAR-23','DD-MON-RR'),'dopas01@pfw.edu',11905);
Insert into CHECKOUT_CART (ID,PRODUCT_ID,QTY,ORDER_DATE,EMAIL,ORDER_ID) values (503,22,2,to_date('10-MAR-23','DD-MON-RR'),'dopas01@pfw.edu',18896);
Insert into CHECKOUT_CART (ID,PRODUCT_ID,QTY,ORDER_DATE,EMAIL,ORDER_ID) values (160,8,2,to_date('11-MAR-23','DD-MON-RR'),'vivasdema@gmail.com',10567);
Insert into CHECKOUT_CART (ID,PRODUCT_ID,QTY,ORDER_DATE,EMAIL,ORDER_ID) values (534,30,1,to_date('11-MAR-23','DD-MON-RR'),'vivasdema@gmail.com',15825);
Insert into CHECKOUT_CART (ID,PRODUCT_ID,QTY,ORDER_DATE,EMAIL,ORDER_ID) values (445,20,1,to_date('12-MAR-23','DD-MON-RR'),'dopas01@pfw.edu',14529);
Insert into CHECKOUT_CART (ID,PRODUCT_ID,QTY,ORDER_DATE,EMAIL,ORDER_ID) values (561,21,1,to_date('12-MAR-23','DD-MON-RR'),'dopas01@pfw.edu',13052);
Insert into CHECKOUT_CART (ID,PRODUCT_ID,QTY,ORDER_DATE,EMAIL,ORDER_ID) values (452,25,2,to_date('12-MAR-23','DD-MON-RR'),'vivasdema@gmail.com',14342);
Insert into CHECKOUT_CART (ID,PRODUCT_ID,QTY,ORDER_DATE,EMAIL,ORDER_ID) values (595,13,2,to_date('13-MAR-23','DD-MON-RR'),'dopas01@pfw.edu',12579);
Insert into CHECKOUT_CART (ID,PRODUCT_ID,QTY,ORDER_DATE,EMAIL,ORDER_ID) values (471,15,2,to_date('13-MAR-23','DD-MON-RR'),'dopas01@pfw.edu',10883);
Insert into CHECKOUT_CART (ID,PRODUCT_ID,QTY,ORDER_DATE,EMAIL,ORDER_ID) values (476,15,1,to_date('13-MAR-23','DD-MON-RR'),'vivasdema@gmail.com',19186);
Insert into CHECKOUT_CART (ID,PRODUCT_ID,QTY,ORDER_DATE,EMAIL,ORDER_ID) values (267,18,2,to_date('13-MAR-23','DD-MON-RR'),'dopas01@pfw.edu',19851);
Insert into CHECKOUT_CART (ID,PRODUCT_ID,QTY,ORDER_DATE,EMAIL,ORDER_ID) values (104,2,2,to_date('13-MAR-23','DD-MON-RR'),'vivasdema@gmail.com',10157);
Insert into CHECKOUT_CART (ID,PRODUCT_ID,QTY,ORDER_DATE,EMAIL,ORDER_ID) values (135,5,1,to_date('13-MAR-23','DD-MON-RR'),'dopas01@pfw.edu',17218);
Insert into CHECKOUT_CART (ID,PRODUCT_ID,QTY,ORDER_DATE,EMAIL,ORDER_ID) values (139,21,1,to_date('13-MAR-23','DD-MON-RR'),'dopas01@pfw.edu',11214);
Insert into CHECKOUT_CART (ID,PRODUCT_ID,QTY,ORDER_DATE,EMAIL,ORDER_ID) values (544,11,2,to_date('13-MAR-23','DD-MON-RR'),'vivasdema@gmail.com',19723);
Insert into CHECKOUT_CART (ID,PRODUCT_ID,QTY,ORDER_DATE,EMAIL,ORDER_ID) values (119,6,1,to_date('14-MAR-23','DD-MON-RR'),'dopas01@pfw.edu',13751);
Insert into CHECKOUT_CART (ID,PRODUCT_ID,QTY,ORDER_DATE,EMAIL,ORDER_ID) values (439,4,2,to_date('15-MAR-23','DD-MON-RR'),'dopas01@pfw.edu',19261);
Insert into CHECKOUT_CART (ID,PRODUCT_ID,QTY,ORDER_DATE,EMAIL,ORDER_ID) values (457,13,2,to_date('15-MAR-23','DD-MON-RR'),'dopas01@pfw.edu',17282);
Insert into CHECKOUT_CART (ID,PRODUCT_ID,QTY,ORDER_DATE,EMAIL,ORDER_ID) values (508,16,2,to_date('15-MAR-23','DD-MON-RR'),'vivasdema@gmail.com',15332);
Insert into CHECKOUT_CART (ID,PRODUCT_ID,QTY,ORDER_DATE,EMAIL,ORDER_ID) values (314,12,1,to_date('15-MAR-23','DD-MON-RR'),'vivasdema@gmail.com',18051);
Insert into CHECKOUT_CART (ID,PRODUCT_ID,QTY,ORDER_DATE,EMAIL,ORDER_ID) values (178,21,1,to_date('15-MAR-23','DD-MON-RR'),'vivasdema@gmail.com',13877);
Insert into CHECKOUT_CART (ID,PRODUCT_ID,QTY,ORDER_DATE,EMAIL,ORDER_ID) values (251,3,2,to_date('15-MAR-23','DD-MON-RR'),'dopas01@pfw.edu',19288);
Insert into CHECKOUT_CART (ID,PRODUCT_ID,QTY,ORDER_DATE,EMAIL,ORDER_ID) values (277,30,2,to_date('15-MAR-23','DD-MON-RR'),'dopas01@pfw.edu',16781);
Insert into CHECKOUT_CART (ID,PRODUCT_ID,QTY,ORDER_DATE,EMAIL,ORDER_ID) values (555,14,1,to_date('15-MAR-23','DD-MON-RR'),'dopas01@pfw.edu',15793);
Insert into CHECKOUT_CART (ID,PRODUCT_ID,QTY,ORDER_DATE,EMAIL,ORDER_ID) values (386,23,1,to_date('16-MAR-23','DD-MON-RR'),'vivasdema@gmail.com',18045);
Insert into CHECKOUT_CART (ID,PRODUCT_ID,QTY,ORDER_DATE,EMAIL,ORDER_ID) values (418,17,1,to_date('16-MAR-23','DD-MON-RR'),'vivasdema@gmail.com',15129);
Insert into CHECKOUT_CART (ID,PRODUCT_ID,QTY,ORDER_DATE,EMAIL,ORDER_ID) values (368,2,2,to_date('16-MAR-23','DD-MON-RR'),'vivasdema@gmail.com',12547);
Insert into CHECKOUT_CART (ID,PRODUCT_ID,QTY,ORDER_DATE,EMAIL,ORDER_ID) values (579,13,2,to_date('16-MAR-23','DD-MON-RR'),'dopas01@pfw.edu',12110);
Insert into CHECKOUT_CART (ID,PRODUCT_ID,QTY,ORDER_DATE,EMAIL,ORDER_ID) values (130,13,1,to_date('16-MAR-23','DD-MON-RR'),'vivasdema@gmail.com',10901);
Insert into CHECKOUT_CART (ID,PRODUCT_ID,QTY,ORDER_DATE,EMAIL,ORDER_ID) values (423,7,1,to_date('16-MAR-23','DD-MON-RR'),'dopas01@pfw.edu',17408);
Insert into CHECKOUT_CART (ID,PRODUCT_ID,QTY,ORDER_DATE,EMAIL,ORDER_ID) values (388,18,1,to_date('17-MAR-23','DD-MON-RR'),'vivasdema@gmail.com',17375);
Insert into CHECKOUT_CART (ID,PRODUCT_ID,QTY,ORDER_DATE,EMAIL,ORDER_ID) values (401,3,2,to_date('17-MAR-23','DD-MON-RR'),'dopas01@pfw.edu',18936);
Insert into CHECKOUT_CART (ID,PRODUCT_ID,QTY,ORDER_DATE,EMAIL,ORDER_ID) values (453,6,1,to_date('17-MAR-23','DD-MON-RR'),'dopas01@pfw.edu',11251);
Insert into CHECKOUT_CART (ID,PRODUCT_ID,QTY,ORDER_DATE,EMAIL,ORDER_ID) values (475,16,1,to_date('17-MAR-23','DD-MON-RR'),'dopas01@pfw.edu',13261);
Insert into CHECKOUT_CART (ID,PRODUCT_ID,QTY,ORDER_DATE,EMAIL,ORDER_ID) values (348,25,1,to_date('17-MAR-23','DD-MON-RR'),'vivasdema@gmail.com',10522);
Insert into CHECKOUT_CART (ID,PRODUCT_ID,QTY,ORDER_DATE,EMAIL,ORDER_ID) values (116,3,2,to_date('17-MAR-23','DD-MON-RR'),'vivasdema@gmail.com',11185);
Insert into CHECKOUT_CART (ID,PRODUCT_ID,QTY,ORDER_DATE,EMAIL,ORDER_ID) values (146,21,2,to_date('17-MAR-23','DD-MON-RR'),'vivasdema@gmail.com',11956);
Insert into CHECKOUT_CART (ID,PRODUCT_ID,QTY,ORDER_DATE,EMAIL,ORDER_ID) values (317,2,1,to_date('17-MAR-23','DD-MON-RR'),'dopas01@pfw.edu',15000);
Insert into CHECKOUT_CART (ID,PRODUCT_ID,QTY,ORDER_DATE,EMAIL,ORDER_ID) values (343,6,2,to_date('17-MAR-23','DD-MON-RR'),'dopas01@pfw.edu',18709);
Insert into CHECKOUT_CART (ID,PRODUCT_ID,QTY,ORDER_DATE,EMAIL,ORDER_ID) values (506,10,2,to_date('17-MAR-23','DD-MON-RR'),'vivasdema@gmail.com',18432);
Insert into CHECKOUT_CART (ID,PRODUCT_ID,QTY,ORDER_DATE,EMAIL,ORDER_ID) values (543,25,2,to_date('18-MAR-23','DD-MON-RR'),'dopas01@pfw.edu',10326);
Insert into CHECKOUT_CART (ID,PRODUCT_ID,QTY,ORDER_DATE,EMAIL,ORDER_ID) values (290,15,2,to_date('18-MAR-23','DD-MON-RR'),'vivasdema@gmail.com',17428);
Insert into CHECKOUT_CART (ID,PRODUCT_ID,QTY,ORDER_DATE,EMAIL,ORDER_ID) values (237,25,1,to_date('18-MAR-23','DD-MON-RR'),'dopas01@pfw.edu',17401);
Insert into CHECKOUT_CART (ID,PRODUCT_ID,QTY,ORDER_DATE,EMAIL,ORDER_ID) values (441,6,2,to_date('19-MAR-23','DD-MON-RR'),'dopas01@pfw.edu',13730);
Insert into CHECKOUT_CART (ID,PRODUCT_ID,QTY,ORDER_DATE,EMAIL,ORDER_ID) values (532,27,1,to_date('19-MAR-23','DD-MON-RR'),'vivasdema@gmail.com',10389);
Insert into CHECKOUT_CART (ID,PRODUCT_ID,QTY,ORDER_DATE,EMAIL,ORDER_ID) values (540,10,1,to_date('19-MAR-23','DD-MON-RR'),'vivasdema@gmail.com',12575);
Insert into CHECKOUT_CART (ID,PRODUCT_ID,QTY,ORDER_DATE,EMAIL,ORDER_ID) values (110,3,2,to_date('19-MAR-23','DD-MON-RR'),'vivasdema@gmail.com',13765);
Insert into CHECKOUT_CART (ID,PRODUCT_ID,QTY,ORDER_DATE,EMAIL,ORDER_ID) values (364,12,2,to_date('19-MAR-23','DD-MON-RR'),'vivasdema@gmail.com',10687);
Insert into CHECKOUT_CART (ID,PRODUCT_ID,QTY,ORDER_DATE,EMAIL,ORDER_ID) values (220,11,1,to_date('19-MAR-23','DD-MON-RR'),'vivasdema@gmail.com',15281);
Insert into CHECKOUT_CART (ID,PRODUCT_ID,QTY,ORDER_DATE,EMAIL,ORDER_ID) values (311,14,2,to_date('19-MAR-23','DD-MON-RR'),'dopas01@pfw.edu',12760);
Insert into CHECKOUT_CART (ID,PRODUCT_ID,QTY,ORDER_DATE,EMAIL,ORDER_ID) values (349,9,1,to_date('19-MAR-23','DD-MON-RR'),'dopas01@pfw.edu',18058);
Insert into CHECKOUT_CART (ID,PRODUCT_ID,QTY,ORDER_DATE,EMAIL,ORDER_ID) values (166,17,2,to_date('19-MAR-23','DD-MON-RR'),'vivasdema@gmail.com',10815);
Insert into CHECKOUT_CART (ID,PRODUCT_ID,QTY,ORDER_DATE,EMAIL,ORDER_ID) values (465,28,1,to_date('20-MAR-23','DD-MON-RR'),'dopas01@pfw.edu',17078);
Insert into CHECKOUT_CART (ID,PRODUCT_ID,QTY,ORDER_DATE,EMAIL,ORDER_ID) values (339,20,1,to_date('20-MAR-23','DD-MON-RR'),'dopas01@pfw.edu',11062);
Insert into CHECKOUT_CART (ID,PRODUCT_ID,QTY,ORDER_DATE,EMAIL,ORDER_ID) values (176,29,2,to_date('20-MAR-23','DD-MON-RR'),'vivasdema@gmail.com',11486);
Insert into CHECKOUT_CART (ID,PRODUCT_ID,QTY,ORDER_DATE,EMAIL,ORDER_ID) values (523,19,2,to_date('20-MAR-23','DD-MON-RR'),'dopas01@pfw.edu',19940);
Insert into CHECKOUT_CART (ID,PRODUCT_ID,QTY,ORDER_DATE,EMAIL,ORDER_ID) values (431,15,1,to_date('21-MAR-23','DD-MON-RR'),'dopas01@pfw.edu',10029);
Insert into CHECKOUT_CART (ID,PRODUCT_ID,QTY,ORDER_DATE,EMAIL,ORDER_ID) values (215,11,1,to_date('21-MAR-23','DD-MON-RR'),'dopas01@pfw.edu',10758);
Insert into CHECKOUT_CART (ID,PRODUCT_ID,QTY,ORDER_DATE,EMAIL,ORDER_ID) values (149,28,2,to_date('21-MAR-23','DD-MON-RR'),'dopas01@pfw.edu',17706);
Insert into CHECKOUT_CART (ID,PRODUCT_ID,QTY,ORDER_DATE,EMAIL,ORDER_ID) values (558,21,2,to_date('21-MAR-23','DD-MON-RR'),'vivasdema@gmail.com',18153);
Insert into CHECKOUT_CART (ID,PRODUCT_ID,QTY,ORDER_DATE,EMAIL,ORDER_ID) values (385,4,1,to_date('22-MAR-23','DD-MON-RR'),'dopas01@pfw.edu',17410);
Insert into CHECKOUT_CART (ID,PRODUCT_ID,QTY,ORDER_DATE,EMAIL,ORDER_ID) values (390,19,2,to_date('22-MAR-23','DD-MON-RR'),'vivasdema@gmail.com',17954);
Insert into CHECKOUT_CART (ID,PRODUCT_ID,QTY,ORDER_DATE,EMAIL,ORDER_ID) values (341,3,2,to_date('22-MAR-23','DD-MON-RR'),'dopas01@pfw.edu',10730);
Insert into CHECKOUT_CART (ID,PRODUCT_ID,QTY,ORDER_DATE,EMAIL,ORDER_ID) values (332,17,2,to_date('22-MAR-23','DD-MON-RR'),'vivasdema@gmail.com',19730);
Insert into CHECKOUT_CART (ID,PRODUCT_ID,QTY,ORDER_DATE,EMAIL,ORDER_ID) values (174,18,1,to_date('22-MAR-23','DD-MON-RR'),'vivasdema@gmail.com',18452);
Insert into CHECKOUT_CART (ID,PRODUCT_ID,QTY,ORDER_DATE,EMAIL,ORDER_ID) values (427,17,2,to_date('23-MAR-23','DD-MON-RR'),'dopas01@pfw.edu',17664);
Insert into CHECKOUT_CART (ID,PRODUCT_ID,QTY,ORDER_DATE,EMAIL,ORDER_ID) values (446,8,1,to_date('23-MAR-23','DD-MON-RR'),'vivasdema@gmail.com',18993);
Insert into CHECKOUT_CART (ID,PRODUCT_ID,QTY,ORDER_DATE,EMAIL,ORDER_ID) values (362,2,1,to_date('23-MAR-23','DD-MON-RR'),'vivasdema@gmail.com',14553);
Insert into CHECKOUT_CART (ID,PRODUCT_ID,QTY,ORDER_DATE,EMAIL,ORDER_ID) values (570,12,2,to_date('23-MAR-23','DD-MON-RR'),'vivasdema@gmail.com',13591);
Insert into CHECKOUT_CART (ID,PRODUCT_ID,QTY,ORDER_DATE,EMAIL,ORDER_ID) values (328,21,1,to_date('23-MAR-23','DD-MON-RR'),'vivasdema@gmail.com',11135);
Insert into CHECKOUT_CART (ID,PRODUCT_ID,QTY,ORDER_DATE,EMAIL,ORDER_ID) values (512,16,1,to_date('23-MAR-23','DD-MON-RR'),'vivasdema@gmail.com',11408);
Insert into CHECKOUT_CART (ID,PRODUCT_ID,QTY,ORDER_DATE,EMAIL,ORDER_ID) values (444,4,2,to_date('24-MAR-23','DD-MON-RR'),'vivasdema@gmail.com',17825);
Insert into CHECKOUT_CART (ID,PRODUCT_ID,QTY,ORDER_DATE,EMAIL,ORDER_ID) values (121,8,2,to_date('24-MAR-23','DD-MON-RR'),'dopas01@pfw.edu',15119);
Insert into CHECKOUT_CART (ID,PRODUCT_ID,QTY,ORDER_DATE,EMAIL,ORDER_ID) values (374,11,1,to_date('24-MAR-23','DD-MON-RR'),'vivasdema@gmail.com',16419);
Insert into CHECKOUT_CART (ID,PRODUCT_ID,QTY,ORDER_DATE,EMAIL,ORDER_ID) values (157,18,2,to_date('24-MAR-23','DD-MON-RR'),'dopas01@pfw.edu',14557);
Insert into CHECKOUT_CART (ID,PRODUCT_ID,QTY,ORDER_DATE,EMAIL,ORDER_ID) values (39,12,1,to_date('30-APR-23','DD-MON-RR'),'vivasdema@gmail.com',12172);
Insert into CHECKOUT_CART (ID,PRODUCT_ID,QTY,ORDER_DATE,EMAIL,ORDER_ID) values (336,2,1,to_date('24-MAR-23','DD-MON-RR'),'vivasdema@gmail.com',16656);
Insert into CHECKOUT_CART (ID,PRODUCT_ID,QTY,ORDER_DATE,EMAIL,ORDER_ID) values (156,27,1,to_date('24-MAR-23','DD-MON-RR'),'vivasdema@gmail.com',16722);
Insert into CHECKOUT_CART (ID,PRODUCT_ID,QTY,ORDER_DATE,EMAIL,ORDER_ID) values (395,14,1,to_date('25-MAR-23','DD-MON-RR'),'dopas01@pfw.edu',11281);
Insert into CHECKOUT_CART (ID,PRODUCT_ID,QTY,ORDER_DATE,EMAIL,ORDER_ID) values (413,27,2,to_date('25-MAR-23','DD-MON-RR'),'dopas01@pfw.edu',13166);
Insert into CHECKOUT_CART (ID,PRODUCT_ID,QTY,ORDER_DATE,EMAIL,ORDER_ID) values (432,7,1,to_date('25-MAR-23','DD-MON-RR'),'vivasdema@gmail.com',15675);
Insert into CHECKOUT_CART (ID,PRODUCT_ID,QTY,ORDER_DATE,EMAIL,ORDER_ID) values (436,15,1,to_date('25-MAR-23','DD-MON-RR'),'vivasdema@gmail.com',13236);
Insert into CHECKOUT_CART (ID,PRODUCT_ID,QTY,ORDER_DATE,EMAIL,ORDER_ID) values (520,25,2,to_date('25-MAR-23','DD-MON-RR'),'vivasdema@gmail.com',10881);
Insert into CHECKOUT_CART (ID,PRODUCT_ID,QTY,ORDER_DATE,EMAIL,ORDER_ID) values (556,29,2,to_date('25-MAR-23','DD-MON-RR'),'vivasdema@gmail.com',19014);
Insert into CHECKOUT_CART (ID,PRODUCT_ID,QTY,ORDER_DATE,EMAIL,ORDER_ID) values (578,14,2,to_date('25-MAR-23','DD-MON-RR'),'vivasdema@gmail.com',15819);
Insert into CHECKOUT_CART (ID,PRODUCT_ID,QTY,ORDER_DATE,EMAIL,ORDER_ID) values (301,21,2,to_date('25-MAR-23','DD-MON-RR'),'dopas01@pfw.edu',19593);
Insert into CHECKOUT_CART (ID,PRODUCT_ID,QTY,ORDER_DATE,EMAIL,ORDER_ID) values (236,10,2,to_date('26-MAR-23','DD-MON-RR'),'vivasdema@gmail.com',10631);
Insert into CHECKOUT_CART (ID,PRODUCT_ID,QTY,ORDER_DATE,EMAIL,ORDER_ID) values (584,3,1,to_date('26-MAR-23','DD-MON-RR'),'vivasdema@gmail.com',10213);
Insert into CHECKOUT_CART (ID,PRODUCT_ID,QTY,ORDER_DATE,EMAIL,ORDER_ID) values (241,14,2,to_date('26-MAR-23','DD-MON-RR'),'dopas01@pfw.edu',15644);
Insert into CHECKOUT_CART (ID,PRODUCT_ID,QTY,ORDER_DATE,EMAIL,ORDER_ID) values (197,9,2,to_date('26-MAR-23','DD-MON-RR'),'dopas01@pfw.edu',13895);
Insert into CHECKOUT_CART (ID,PRODUCT_ID,QTY,ORDER_DATE,EMAIL,ORDER_ID) values (188,6,2,to_date('26-MAR-23','DD-MON-RR'),'vivasdema@gmail.com',11472);
Insert into CHECKOUT_CART (ID,PRODUCT_ID,QTY,ORDER_DATE,EMAIL,ORDER_ID) values (485,11,2,to_date('27-MAR-23','DD-MON-RR'),'dopas01@pfw.edu',13261);
Insert into CHECKOUT_CART (ID,PRODUCT_ID,QTY,ORDER_DATE,EMAIL,ORDER_ID) values (421,28,2,to_date('27-MAR-23','DD-MON-RR'),'dopas01@pfw.edu',16414);
Insert into CHECKOUT_CART (ID,PRODUCT_ID,QTY,ORDER_DATE,EMAIL,ORDER_ID) values (266,17,2,to_date('27-MAR-23','DD-MON-RR'),'vivasdema@gmail.com',11843);
Insert into CHECKOUT_CART (ID,PRODUCT_ID,QTY,ORDER_DATE,EMAIL,ORDER_ID) values (225,28,2,to_date('27-MAR-23','DD-MON-RR'),'dopas01@pfw.edu',13081);
Insert into CHECKOUT_CART (ID,PRODUCT_ID,QTY,ORDER_DATE,EMAIL,ORDER_ID) values (238,3,1,to_date('27-MAR-23','DD-MON-RR'),'vivasdema@gmail.com',13186);
Insert into CHECKOUT_CART (ID,PRODUCT_ID,QTY,ORDER_DATE,EMAIL,ORDER_ID) values (562,25,2,to_date('28-MAR-23','DD-MON-RR'),'vivasdema@gmail.com',18667);
Insert into CHECKOUT_CART (ID,PRODUCT_ID,QTY,ORDER_DATE,EMAIL,ORDER_ID) values (203,4,2,to_date('28-MAR-23','DD-MON-RR'),'dopas01@pfw.edu',13556);
Insert into CHECKOUT_CART (ID,PRODUCT_ID,QTY,ORDER_DATE,EMAIL,ORDER_ID) values (145,24,1,to_date('28-MAR-23','DD-MON-RR'),'dopas01@pfw.edu',10351);
Insert into CHECKOUT_CART (ID,PRODUCT_ID,QTY,ORDER_DATE,EMAIL,ORDER_ID) values (557,18,2,to_date('28-MAR-23','DD-MON-RR'),'dopas01@pfw.edu',13626);
Insert into CHECKOUT_CART (ID,PRODUCT_ID,QTY,ORDER_DATE,EMAIL,ORDER_ID) values (384,21,2,to_date('28-MAR-23','DD-MON-RR'),'vivasdema@gmail.com',10281);
Insert into CHECKOUT_CART (ID,PRODUCT_ID,QTY,ORDER_DATE,EMAIL,ORDER_ID) values (366,3,1,to_date('29-MAR-23','DD-MON-RR'),'vivasdema@gmail.com',15808);
Insert into CHECKOUT_CART (ID,PRODUCT_ID,QTY,ORDER_DATE,EMAIL,ORDER_ID) values (143,27,2,to_date('29-MAR-23','DD-MON-RR'),'dopas01@pfw.edu',11364);
Insert into CHECKOUT_CART (ID,PRODUCT_ID,QTY,ORDER_DATE,EMAIL,ORDER_ID) values (422,28,2,to_date('29-MAR-23','DD-MON-RR'),'vivasdema@gmail.com',15268);
Insert into CHECKOUT_CART (ID,PRODUCT_ID,QTY,ORDER_DATE,EMAIL,ORDER_ID) values (495,19,2,to_date('30-MAR-23','DD-MON-RR'),'dopas01@pfw.edu',17184);
Insert into CHECKOUT_CART (ID,PRODUCT_ID,QTY,ORDER_DATE,EMAIL,ORDER_ID) values (472,20,2,to_date('30-MAR-23','DD-MON-RR'),'vivasdema@gmail.com',18161);
Insert into CHECKOUT_CART (ID,PRODUCT_ID,QTY,ORDER_DATE,EMAIL,ORDER_ID) values (598,12,1,to_date('30-MAR-23','DD-MON-RR'),'vivasdema@gmail.com',16590);
Insert into CHECKOUT_CART (ID,PRODUCT_ID,QTY,ORDER_DATE,EMAIL,ORDER_ID) values (383,26,1,to_date('30-MAR-23','DD-MON-RR'),'dopas01@pfw.edu',13599);
Insert into CHECKOUT_CART (ID,PRODUCT_ID,QTY,ORDER_DATE,EMAIL,ORDER_ID) values (259,12,1,to_date('31-MAR-23','DD-MON-RR'),'dopas01@pfw.edu',17986);
Insert into CHECKOUT_CART (ID,PRODUCT_ID,QTY,ORDER_DATE,EMAIL,ORDER_ID) values (600,14,1,to_date('31-MAR-23','DD-MON-RR'),'vivasdema@gmail.com',19682);
Insert into CHECKOUT_CART (ID,PRODUCT_ID,QTY,ORDER_DATE,EMAIL,ORDER_ID) values (586,3,2,to_date('31-MAR-23','DD-MON-RR'),'vivasdema@gmail.com',10358);
Insert into CHECKOUT_CART (ID,PRODUCT_ID,QTY,ORDER_DATE,EMAIL,ORDER_ID) values (448,24,2,to_date('31-MAR-23','DD-MON-RR'),'vivasdema@gmail.com',12695);
Insert into CHECKOUT_CART (ID,PRODUCT_ID,QTY,ORDER_DATE,EMAIL,ORDER_ID) values (574,11,1,to_date('31-MAR-23','DD-MON-RR'),'vivasdema@gmail.com',10780);
Insert into CHECKOUT_CART (ID,PRODUCT_ID,QTY,ORDER_DATE,EMAIL,ORDER_ID) values (245,25,1,to_date('01-APR-23','DD-MON-RR'),'dopas01@pfw.edu',12002);
Insert into CHECKOUT_CART (ID,PRODUCT_ID,QTY,ORDER_DATE,EMAIL,ORDER_ID) values (450,28,1,to_date('01-APR-23','DD-MON-RR'),'vivasdema@gmail.com',11180);
Insert into CHECKOUT_CART (ID,PRODUCT_ID,QTY,ORDER_DATE,EMAIL,ORDER_ID) values (226,22,2,to_date('01-APR-23','DD-MON-RR'),'vivasdema@gmail.com',17546);
Insert into CHECKOUT_CART (ID,PRODUCT_ID,QTY,ORDER_DATE,EMAIL,ORDER_ID) values (583,7,2,to_date('01-APR-23','DD-MON-RR'),'dopas01@pfw.edu',12951);
Insert into CHECKOUT_CART (ID,PRODUCT_ID,QTY,ORDER_DATE,EMAIL,ORDER_ID) values (169,29,1,to_date('01-APR-23','DD-MON-RR'),'dopas01@pfw.edu',19412);
Insert into CHECKOUT_CART (ID,PRODUCT_ID,QTY,ORDER_DATE,EMAIL,ORDER_ID) values (609,2,1,to_date('02-MAY-23','DD-MON-RR'),'vivasdema@gmail.com',22848);
Insert into CHECKOUT_CART (ID,PRODUCT_ID,QTY,ORDER_DATE,EMAIL,ORDER_ID) values (612,14,1,to_date('02-MAY-23','DD-MON-RR'),'vivasdema@gmail.com',16303);
Insert into CHECKOUT_CART (ID,PRODUCT_ID,QTY,ORDER_DATE,EMAIL,ORDER_ID) values (613,8,1,to_date('02-MAY-23','DD-MON-RR'),'vivasdema@gmail.com',16303);
Insert into CHECKOUT_CART (ID,PRODUCT_ID,QTY,ORDER_DATE,EMAIL,ORDER_ID) values (614,26,1,to_date('02-MAY-23','DD-MON-RR'),'vivasdema@gmail.com',16303);
Insert into CHECKOUT_CART (ID,PRODUCT_ID,QTY,ORDER_DATE,EMAIL,ORDER_ID) values (615,26,1,to_date('02-MAY-23','DD-MON-RR'),'vivasdema@gmail.com',18800);
Insert into CHECKOUT_CART (ID,PRODUCT_ID,QTY,ORDER_DATE,EMAIL,ORDER_ID) values (616,8,1,to_date('02-MAY-23','DD-MON-RR'),'vivasdema@gmail.com',18800);
Insert into CHECKOUT_CART (ID,PRODUCT_ID,QTY,ORDER_DATE,EMAIL,ORDER_ID) values (617,3,1,to_date('02-MAY-23','DD-MON-RR'),'vivasdema@gmail.com',26582);
Insert into CHECKOUT_CART (ID,PRODUCT_ID,QTY,ORDER_DATE,EMAIL,ORDER_ID) values (618,4,1,to_date('02-MAY-23','DD-MON-RR'),'vivasdema@gmail.com',26582);
Insert into CHECKOUT_CART (ID,PRODUCT_ID,QTY,ORDER_DATE,EMAIL,ORDER_ID) values (621,4,1,to_date('02-MAY-23','DD-MON-RR'),'vivadm01@pfw.edu',26100);
Insert into CHECKOUT_CART (ID,PRODUCT_ID,QTY,ORDER_DATE,EMAIL,ORDER_ID) values (622,28,1,to_date('02-MAY-23','DD-MON-RR'),'vivadm01@pfw.edu',26100);
Insert into CHECKOUT_CART (ID,PRODUCT_ID,QTY,ORDER_DATE,EMAIL,ORDER_ID) values (623,3,1,to_date('02-MAY-23','DD-MON-RR'),'vivadm01@pfw.edu',26100);
Insert into CHECKOUT_CART (ID,PRODUCT_ID,QTY,ORDER_DATE,EMAIL,ORDER_ID) values (624,12,1,to_date('04-MAY-23','DD-MON-RR'),'vivadm01@pfw.edu',22097);
Insert into CHECKOUT_CART (ID,PRODUCT_ID,QTY,ORDER_DATE,EMAIL,ORDER_ID) values (625,13,1,to_date('04-MAY-23','DD-MON-RR'),'vivadm01@pfw.edu',22097);
Insert into CHECKOUT_CART (ID,PRODUCT_ID,QTY,ORDER_DATE,EMAIL,ORDER_ID) values (626,8,1,to_date('04-MAY-23','DD-MON-RR'),'vivadm01@pfw.edu',22097);
Insert into CHECKOUT_CART (ID,PRODUCT_ID,QTY,ORDER_DATE,EMAIL,ORDER_ID) values (522,6,2,to_date('01-APR-23','DD-MON-RR'),'vivasdema@gmail.com',17543);
Insert into CHECKOUT_CART (ID,PRODUCT_ID,QTY,ORDER_DATE,EMAIL,ORDER_ID) values (377,18,2,to_date('02-APR-23','DD-MON-RR'),'dopas01@pfw.edu',10722);
Insert into CHECKOUT_CART (ID,PRODUCT_ID,QTY,ORDER_DATE,EMAIL,ORDER_ID) values (281,19,1,to_date('02-APR-23','DD-MON-RR'),'dopas01@pfw.edu',17829);
Insert into CHECKOUT_CART (ID,PRODUCT_ID,QTY,ORDER_DATE,EMAIL,ORDER_ID) values (430,11,2,to_date('03-APR-23','DD-MON-RR'),'vivasdema@gmail.com',14143);
Insert into CHECKOUT_CART (ID,PRODUCT_ID,QTY,ORDER_DATE,EMAIL,ORDER_ID) values (356,8,2,to_date('03-APR-23','DD-MON-RR'),'vivasdema@gmail.com',15293);
Insert into CHECKOUT_CART (ID,PRODUCT_ID,QTY,ORDER_DATE,EMAIL,ORDER_ID) values (571,3,2,to_date('03-APR-23','DD-MON-RR'),'dopas01@pfw.edu',11970);
Insert into CHECKOUT_CART (ID,PRODUCT_ID,QTY,ORDER_DATE,EMAIL,ORDER_ID) values (387,25,1,to_date('03-APR-23','DD-MON-RR'),'dopas01@pfw.edu',18715);
Insert into CHECKOUT_CART (ID,PRODUCT_ID,QTY,ORDER_DATE,EMAIL,ORDER_ID) values (428,28,2,to_date('04-APR-23','DD-MON-RR'),'vivasdema@gmail.com',18668);
Insert into CHECKOUT_CART (ID,PRODUCT_ID,QTY,ORDER_DATE,EMAIL,ORDER_ID) values (138,26,1,to_date('04-APR-23','DD-MON-RR'),'vivasdema@gmail.com',17665);
Insert into CHECKOUT_CART (ID,PRODUCT_ID,QTY,ORDER_DATE,EMAIL,ORDER_ID) values (181,16,1,to_date('05-APR-23','DD-MON-RR'),'dopas01@pfw.edu',12349);
Insert into CHECKOUT_CART (ID,PRODUCT_ID,QTY,ORDER_DATE,EMAIL,ORDER_ID) values (294,6,2,to_date('05-APR-23','DD-MON-RR'),'vivasdema@gmail.com',19910);
Insert into CHECKOUT_CART (ID,PRODUCT_ID,QTY,ORDER_DATE,EMAIL,ORDER_ID) values (209,3,1,to_date('05-APR-23','DD-MON-RR'),'dopas01@pfw.edu',18181);
Insert into CHECKOUT_CART (ID,PRODUCT_ID,QTY,ORDER_DATE,EMAIL,ORDER_ID) values (275,27,1,to_date('06-APR-23','DD-MON-RR'),'dopas01@pfw.edu',16699);
Insert into CHECKOUT_CART (ID,PRODUCT_ID,QTY,ORDER_DATE,EMAIL,ORDER_ID) values (247,8,2,to_date('06-APR-23','DD-MON-RR'),'dopas01@pfw.edu',13290);
Insert into CHECKOUT_CART (ID,PRODUCT_ID,QTY,ORDER_DATE,EMAIL,ORDER_ID) values (303,6,2,to_date('06-APR-23','DD-MON-RR'),'dopas01@pfw.edu',13768);
Insert into CHECKOUT_CART (ID,PRODUCT_ID,QTY,ORDER_DATE,EMAIL,ORDER_ID) values (531,14,1,to_date('06-APR-23','DD-MON-RR'),'dopas01@pfw.edu',17877);
Insert into CHECKOUT_CART (ID,PRODUCT_ID,QTY,ORDER_DATE,EMAIL,ORDER_ID) values (466,14,2,to_date('06-APR-23','DD-MON-RR'),'vivasdema@gmail.com',17771);
Insert into CHECKOUT_CART (ID,PRODUCT_ID,QTY,ORDER_DATE,EMAIL,ORDER_ID) values (408,9,1,to_date('06-APR-23','DD-MON-RR'),'vivasdema@gmail.com',15892);
Insert into CHECKOUT_CART (ID,PRODUCT_ID,QTY,ORDER_DATE,EMAIL,ORDER_ID) values (316,27,1,to_date('06-APR-23','DD-MON-RR'),'vivasdema@gmail.com',11708);
Insert into CHECKOUT_CART (ID,PRODUCT_ID,QTY,ORDER_DATE,EMAIL,ORDER_ID) values (425,8,2,to_date('07-APR-23','DD-MON-RR'),'dopas01@pfw.edu',19935);
Insert into CHECKOUT_CART (ID,PRODUCT_ID,QTY,ORDER_DATE,EMAIL,ORDER_ID) values (307,12,2,to_date('07-APR-23','DD-MON-RR'),'dopas01@pfw.edu',13354);
Insert into CHECKOUT_CART (ID,PRODUCT_ID,QTY,ORDER_DATE,EMAIL,ORDER_ID) values (258,2,1,to_date('07-APR-23','DD-MON-RR'),'vivasdema@gmail.com',16351);
Insert into CHECKOUT_CART (ID,PRODUCT_ID,QTY,ORDER_DATE,EMAIL,ORDER_ID) values (327,7,2,to_date('07-APR-23','DD-MON-RR'),'dopas01@pfw.edu',11954);
Insert into CHECKOUT_CART (ID,PRODUCT_ID,QTY,ORDER_DATE,EMAIL,ORDER_ID) values (582,29,2,to_date('07-APR-23','DD-MON-RR'),'vivasdema@gmail.com',17275);
Insert into CHECKOUT_CART (ID,PRODUCT_ID,QTY,ORDER_DATE,EMAIL,ORDER_ID) values (185,30,1,to_date('07-APR-23','DD-MON-RR'),'dopas01@pfw.edu',18604);
Insert into CHECKOUT_CART (ID,PRODUCT_ID,QTY,ORDER_DATE,EMAIL,ORDER_ID) values (360,23,1,to_date('08-APR-23','DD-MON-RR'),'vivasdema@gmail.com',16456);
Insert into CHECKOUT_CART (ID,PRODUCT_ID,QTY,ORDER_DATE,EMAIL,ORDER_ID) values (206,5,2,to_date('08-APR-23','DD-MON-RR'),'vivasdema@gmail.com',13348);
Insert into CHECKOUT_CART (ID,PRODUCT_ID,QTY,ORDER_DATE,EMAIL,ORDER_ID) values (297,18,2,to_date('08-APR-23','DD-MON-RR'),'dopas01@pfw.edu',11470);
Insert into CHECKOUT_CART (ID,PRODUCT_ID,QTY,ORDER_DATE,EMAIL,ORDER_ID) values (279,22,1,to_date('08-APR-23','DD-MON-RR'),'dopas01@pfw.edu',10202);
Insert into CHECKOUT_CART (ID,PRODUCT_ID,QTY,ORDER_DATE,EMAIL,ORDER_ID) values (150,21,2,to_date('08-APR-23','DD-MON-RR'),'vivasdema@gmail.com',10942);
Insert into CHECKOUT_CART (ID,PRODUCT_ID,QTY,ORDER_DATE,EMAIL,ORDER_ID) values (293,14,1,to_date('08-APR-23','DD-MON-RR'),'dopas01@pfw.edu',18828);
Insert into CHECKOUT_CART (ID,PRODUCT_ID,QTY,ORDER_DATE,EMAIL,ORDER_ID) values (581,28,1,to_date('09-APR-23','DD-MON-RR'),'dopas01@pfw.edu',12217);
Insert into CHECKOUT_CART (ID,PRODUCT_ID,QTY,ORDER_DATE,EMAIL,ORDER_ID) values (342,4,1,to_date('09-APR-23','DD-MON-RR'),'vivasdema@gmail.com',18250);
Insert into CHECKOUT_CART (ID,PRODUCT_ID,QTY,ORDER_DATE,EMAIL,ORDER_ID) values (437,7,1,to_date('09-APR-23','DD-MON-RR'),'dopas01@pfw.edu',11834);
Insert into CHECKOUT_CART (ID,PRODUCT_ID,QTY,ORDER_DATE,EMAIL,ORDER_ID) values (194,12,2,to_date('09-APR-23','DD-MON-RR'),'vivasdema@gmail.com',14001);
Insert into CHECKOUT_CART (ID,PRODUCT_ID,QTY,ORDER_DATE,EMAIL,ORDER_ID) values (239,14,2,to_date('09-APR-23','DD-MON-RR'),'dopas01@pfw.edu',12503);
Insert into CHECKOUT_CART (ID,PRODUCT_ID,QTY,ORDER_DATE,EMAIL,ORDER_ID) values (112,14,1,to_date('09-APR-23','DD-MON-RR'),'vivasdema@gmail.com',18850);
Insert into CHECKOUT_CART (ID,PRODUCT_ID,QTY,ORDER_DATE,EMAIL,ORDER_ID) values (212,19,2,to_date('10-APR-23','DD-MON-RR'),'vivasdema@gmail.com',17101);
Insert into CHECKOUT_CART (ID,PRODUCT_ID,QTY,ORDER_DATE,EMAIL,ORDER_ID) values (411,12,1,to_date('10-APR-23','DD-MON-RR'),'dopas01@pfw.edu',18515);
Insert into CHECKOUT_CART (ID,PRODUCT_ID,QTY,ORDER_DATE,EMAIL,ORDER_ID) values (605,4,1,to_date('02-MAY-23','DD-MON-RR'),'vivasdema@gmail.com',10976);
Insert into CHECKOUT_CART (ID,PRODUCT_ID,QTY,ORDER_DATE,EMAIL,ORDER_ID) values (606,3,1,to_date('02-MAY-23','DD-MON-RR'),'vivasdema@gmail.com',10976);
Insert into CHECKOUT_CART (ID,PRODUCT_ID,QTY,ORDER_DATE,EMAIL,ORDER_ID) values (607,2,1,to_date('02-MAY-23','DD-MON-RR'),'vivasdema@gmail.com',10976);
Insert into CHECKOUT_CART (ID,PRODUCT_ID,QTY,ORDER_DATE,EMAIL,ORDER_ID) values (608,3,1,to_date('02-MAY-23','DD-MON-RR'),'vivasdema@gmail.com',22848);
Insert into CHECKOUT_CART (ID,PRODUCT_ID,QTY,ORDER_DATE,EMAIL,ORDER_ID) values (32,9,1,to_date('30-APR-23','DD-MON-RR'),'vivasdema@gmail.com',28725);
Insert into CHECKOUT_CART (ID,PRODUCT_ID,QTY,ORDER_DATE,EMAIL,ORDER_ID) values (33,25,1,to_date('30-APR-23','DD-MON-RR'),'vivasdema@gmail.com',28725);
Insert into CHECKOUT_CART (ID,PRODUCT_ID,QTY,ORDER_DATE,EMAIL,ORDER_ID) values (34,8,1,to_date('30-APR-23','DD-MON-RR'),'vivasdema@gmail.com',23155);
Insert into CHECKOUT_CART (ID,PRODUCT_ID,QTY,ORDER_DATE,EMAIL,ORDER_ID) values (35,12,1,to_date('30-APR-23','DD-MON-RR'),'vivasdema@gmail.com',23155);
Insert into CHECKOUT_CART (ID,PRODUCT_ID,QTY,ORDER_DATE,EMAIL,ORDER_ID) values (601,3,1,to_date('02-MAY-23','DD-MON-RR'),'vivasdema@gmail.com',12121);
Insert into CHECKOUT_CART (ID,PRODUCT_ID,QTY,ORDER_DATE,EMAIL,ORDER_ID) values (602,4,1,to_date('02-MAY-23','DD-MON-RR'),'vivasdema@gmail.com',12121);
Insert into CHECKOUT_CART (ID,PRODUCT_ID,QTY,ORDER_DATE,EMAIL,ORDER_ID) values (603,2,1,to_date('02-MAY-23','DD-MON-RR'),'vivasdema@gmail.com',12121);
Insert into CHECKOUT_CART (ID,PRODUCT_ID,QTY,ORDER_DATE,EMAIL,ORDER_ID) values (604,1,1,to_date('02-MAY-23','DD-MON-RR'),'vivasdema@gmail.com',12121);
Insert into CHECKOUT_CART (ID,PRODUCT_ID,QTY,ORDER_DATE,EMAIL,ORDER_ID) values (610,26,1,to_date('02-MAY-23','DD-MON-RR'),'vivasdema@gmail.com',10796);
Insert into CHECKOUT_CART (ID,PRODUCT_ID,QTY,ORDER_DATE,EMAIL,ORDER_ID) values (611,14,1,to_date('02-MAY-23','DD-MON-RR'),'vivasdema@gmail.com',10796);
Insert into CHECKOUT_CART (ID,PRODUCT_ID,QTY,ORDER_DATE,EMAIL,ORDER_ID) values (619,4,1,to_date('02-MAY-23','DD-MON-RR'),'vivasdema@gmail.com',24759);
Insert into CHECKOUT_CART (ID,PRODUCT_ID,QTY,ORDER_DATE,EMAIL,ORDER_ID) values (620,3,1,to_date('02-MAY-23','DD-MON-RR'),'vivasdema@gmail.com',24759);
Insert into CHECKOUT_CART (ID,PRODUCT_ID,QTY,ORDER_DATE,EMAIL,ORDER_ID) values (627,26,1,to_date('04-MAY-23','DD-MON-RR'),'vivadm01@pfw.edu',23905);
Insert into CHECKOUT_CART (ID,PRODUCT_ID,QTY,ORDER_DATE,EMAIL,ORDER_ID) values (628,12,1,to_date('04-MAY-23','DD-MON-RR'),'vivadm01@pfw.edu',23905);
Insert into CHECKOUT_CART (ID,PRODUCT_ID,QTY,ORDER_DATE,EMAIL,ORDER_ID) values (629,8,1,to_date('04-MAY-23','DD-MON-RR'),'vivadm01@pfw.edu',23905);
Insert into CHECKOUT_CART (ID,PRODUCT_ID,QTY,ORDER_DATE,EMAIL,ORDER_ID) values (14,25,1,to_date('15-APR-23','DD-MON-RR'),'vivasdema@gmail.com',12255);
Insert into CHECKOUT_CART (ID,PRODUCT_ID,QTY,ORDER_DATE,EMAIL,ORDER_ID) values (15,8,1,to_date('15-APR-23','DD-MON-RR'),'vivasdema@gmail.com',12255);
Insert into CHECKOUT_CART (ID,PRODUCT_ID,QTY,ORDER_DATE,EMAIL,ORDER_ID) values (16,12,1,to_date('15-APR-23','DD-MON-RR'),'vivasdema@gmail.com',12255);
Insert into CHECKOUT_CART (ID,PRODUCT_ID,QTY,ORDER_DATE,EMAIL,ORDER_ID) values (17,8,1,to_date('16-APR-23','DD-MON-RR'),'vivasdema@gmail.com',12232);
Insert into CHECKOUT_CART (ID,PRODUCT_ID,QTY,ORDER_DATE,EMAIL,ORDER_ID) values (18,12,1,to_date('16-APR-23','DD-MON-RR'),'vivasdema@gmail.com',12232);
Insert into CHECKOUT_CART (ID,PRODUCT_ID,QTY,ORDER_DATE,EMAIL,ORDER_ID) values (19,26,1,to_date('16-APR-23','DD-MON-RR'),'dopas01@pfw.edu',12832);
Insert into CHECKOUT_CART (ID,PRODUCT_ID,QTY,ORDER_DATE,EMAIL,ORDER_ID) values (20,8,1,to_date('16-APR-23','DD-MON-RR'),'dopas01@pfw.edu',12832);
Insert into CHECKOUT_CART (ID,PRODUCT_ID,QTY,ORDER_DATE,EMAIL,ORDER_ID) values (554,17,1,to_date('02-JAN-23','DD-MON-RR'),'vivasdema@gmail.com',17778);
Insert into CHECKOUT_CART (ID,PRODUCT_ID,QTY,ORDER_DATE,EMAIL,ORDER_ID) values (458,5,2,to_date('02-JAN-23','DD-MON-RR'),'vivasdema@gmail.com',13018);
Insert into CHECKOUT_CART (ID,PRODUCT_ID,QTY,ORDER_DATE,EMAIL,ORDER_ID) values (283,17,1,to_date('02-JAN-23','DD-MON-RR'),'dopas01@pfw.edu',18573);
Insert into CHECKOUT_CART (ID,PRODUCT_ID,QTY,ORDER_DATE,EMAIL,ORDER_ID) values (216,16,1,to_date('02-JAN-23','DD-MON-RR'),'vivasdema@gmail.com',18140);
Insert into CHECKOUT_CART (ID,PRODUCT_ID,QTY,ORDER_DATE,EMAIL,ORDER_ID) values (221,10,1,to_date('02-JAN-23','DD-MON-RR'),'dopas01@pfw.edu',18642);
Insert into CHECKOUT_CART (ID,PRODUCT_ID,QTY,ORDER_DATE,EMAIL,ORDER_ID) values (189,2,2,to_date('02-JAN-23','DD-MON-RR'),'dopas01@pfw.edu',14003);
Insert into CHECKOUT_CART (ID,PRODUCT_ID,QTY,ORDER_DATE,EMAIL,ORDER_ID) values (415,20,1,to_date('03-JAN-23','DD-MON-RR'),'dopas01@pfw.edu',13344);
Insert into CHECKOUT_CART (ID,PRODUCT_ID,QTY,ORDER_DATE,EMAIL,ORDER_ID) values (113,13,1,to_date('03-JAN-23','DD-MON-RR'),'dopas01@pfw.edu',18150);
Insert into CHECKOUT_CART (ID,PRODUCT_ID,QTY,ORDER_DATE,EMAIL,ORDER_ID) values (295,16,2,to_date('03-JAN-23','DD-MON-RR'),'dopas01@pfw.edu',11839);
Insert into CHECKOUT_CART (ID,PRODUCT_ID,QTY,ORDER_DATE,EMAIL,ORDER_ID) values (288,6,1,to_date('03-JAN-23','DD-MON-RR'),'vivasdema@gmail.com',18709);
Insert into CHECKOUT_CART (ID,PRODUCT_ID,QTY,ORDER_DATE,EMAIL,ORDER_ID) values (117,5,2,to_date('03-JAN-23','DD-MON-RR'),'dopas01@pfw.edu',14845);
Insert into CHECKOUT_CART (ID,PRODUCT_ID,QTY,ORDER_DATE,EMAIL,ORDER_ID) values (537,23,1,to_date('04-JAN-23','DD-MON-RR'),'dopas01@pfw.edu',18944);
Insert into CHECKOUT_CART (ID,PRODUCT_ID,QTY,ORDER_DATE,EMAIL,ORDER_ID) values (459,5,2,to_date('04-JAN-23','DD-MON-RR'),'dopas01@pfw.edu',15151);
Insert into CHECKOUT_CART (ID,PRODUCT_ID,QTY,ORDER_DATE,EMAIL,ORDER_ID) values (243,27,2,to_date('04-JAN-23','DD-MON-RR'),'dopas01@pfw.edu',12586);
Insert into CHECKOUT_CART (ID,PRODUCT_ID,QTY,ORDER_DATE,EMAIL,ORDER_ID) values (171,10,1,to_date('04-JAN-23','DD-MON-RR'),'dopas01@pfw.edu',19666);
Insert into CHECKOUT_CART (ID,PRODUCT_ID,QTY,ORDER_DATE,EMAIL,ORDER_ID) values (207,20,2,to_date('04-JAN-23','DD-MON-RR'),'dopas01@pfw.edu',12066);
Insert into CHECKOUT_CART (ID,PRODUCT_ID,QTY,ORDER_DATE,EMAIL,ORDER_ID) values (126,14,1,to_date('04-JAN-23','DD-MON-RR'),'vivasdema@gmail.com',17320);
Insert into CHECKOUT_CART (ID,PRODUCT_ID,QTY,ORDER_DATE,EMAIL,ORDER_ID) values (560,24,2,to_date('05-JAN-23','DD-MON-RR'),'vivasdema@gmail.com',10274);
Insert into CHECKOUT_CART (ID,PRODUCT_ID,QTY,ORDER_DATE,EMAIL,ORDER_ID) values (249,22,2,to_date('05-JAN-23','DD-MON-RR'),'dopas01@pfw.edu',14217);
Insert into CHECKOUT_CART (ID,PRODUCT_ID,QTY,ORDER_DATE,EMAIL,ORDER_ID) values (306,16,1,to_date('05-JAN-23','DD-MON-RR'),'vivasdema@gmail.com',10582);
Insert into CHECKOUT_CART (ID,PRODUCT_ID,QTY,ORDER_DATE,EMAIL,ORDER_ID) values (566,4,2,to_date('06-JAN-23','DD-MON-RR'),'vivasdema@gmail.com',11253);
Insert into CHECKOUT_CART (ID,PRODUCT_ID,QTY,ORDER_DATE,EMAIL,ORDER_ID) values (594,8,2,to_date('06-JAN-23','DD-MON-RR'),'vivasdema@gmail.com',15034);
Insert into CHECKOUT_CART (ID,PRODUCT_ID,QTY,ORDER_DATE,EMAIL,ORDER_ID) values (315,16,1,to_date('06-JAN-23','DD-MON-RR'),'dopas01@pfw.edu',17107);
Insert into CHECKOUT_CART (ID,PRODUCT_ID,QTY,ORDER_DATE,EMAIL,ORDER_ID) values (256,15,2,to_date('06-JAN-23','DD-MON-RR'),'vivasdema@gmail.com',10561);
Insert into CHECKOUT_CART (ID,PRODUCT_ID,QTY,ORDER_DATE,EMAIL,ORDER_ID) values (380,13,1,to_date('06-JAN-23','DD-MON-RR'),'vivasdema@gmail.com',14060);
Insert into CHECKOUT_CART (ID,PRODUCT_ID,QTY,ORDER_DATE,EMAIL,ORDER_ID) values (389,7,1,to_date('06-JAN-23','DD-MON-RR'),'dopas01@pfw.edu',14418);
Insert into CHECKOUT_CART (ID,PRODUCT_ID,QTY,ORDER_DATE,EMAIL,ORDER_ID) values (473,3,1,to_date('06-JAN-23','DD-MON-RR'),'dopas01@pfw.edu',10170);
Insert into CHECKOUT_CART (ID,PRODUCT_ID,QTY,ORDER_DATE,EMAIL,ORDER_ID) values (330,2,1,to_date('06-JAN-23','DD-MON-RR'),'vivasdema@gmail.com',18415);
Insert into CHECKOUT_CART (ID,PRODUCT_ID,QTY,ORDER_DATE,EMAIL,ORDER_ID) values (589,14,1,to_date('07-JAN-23','DD-MON-RR'),'dopas01@pfw.edu',14428);
Insert into CHECKOUT_CART (ID,PRODUCT_ID,QTY,ORDER_DATE,EMAIL,ORDER_ID) values (273,11,2,to_date('07-JAN-23','DD-MON-RR'),'dopas01@pfw.edu',12642);
Insert into CHECKOUT_CART (ID,PRODUCT_ID,QTY,ORDER_DATE,EMAIL,ORDER_ID) values (103,10,1,to_date('07-JAN-23','DD-MON-RR'),'dopas01@pfw.edu',13759);
Insert into CHECKOUT_CART (ID,PRODUCT_ID,QTY,ORDER_DATE,EMAIL,ORDER_ID) values (304,13,1,to_date('08-JAN-23','DD-MON-RR'),'vivasdema@gmail.com',15250);
Insert into CHECKOUT_CART (ID,PRODUCT_ID,QTY,ORDER_DATE,EMAIL,ORDER_ID) values (321,3,2,to_date('08-JAN-23','DD-MON-RR'),'dopas01@pfw.edu',11248);
Insert into CHECKOUT_CART (ID,PRODUCT_ID,QTY,ORDER_DATE,EMAIL,ORDER_ID) values (367,11,2,to_date('08-JAN-23','DD-MON-RR'),'dopas01@pfw.edu',15271);
Insert into CHECKOUT_CART (ID,PRODUCT_ID,QTY,ORDER_DATE,EMAIL,ORDER_ID) values (376,26,2,to_date('08-JAN-23','DD-MON-RR'),'vivasdema@gmail.com',12351);
Insert into CHECKOUT_CART (ID,PRODUCT_ID,QTY,ORDER_DATE,EMAIL,ORDER_ID) values (460,26,1,to_date('08-JAN-23','DD-MON-RR'),'vivasdema@gmail.com',10597);
Insert into CHECKOUT_CART (ID,PRODUCT_ID,QTY,ORDER_DATE,EMAIL,ORDER_ID) values (269,4,1,to_date('08-JAN-23','DD-MON-RR'),'dopas01@pfw.edu',14646);
Insert into CHECKOUT_CART (ID,PRODUCT_ID,QTY,ORDER_DATE,EMAIL,ORDER_ID) values (109,21,2,to_date('08-JAN-23','DD-MON-RR'),'dopas01@pfw.edu',13450);
Insert into CHECKOUT_CART (ID,PRODUCT_ID,QTY,ORDER_DATE,EMAIL,ORDER_ID) values (173,11,1,to_date('08-JAN-23','DD-MON-RR'),'dopas01@pfw.edu',14616);
Insert into CHECKOUT_CART (ID,PRODUCT_ID,QTY,ORDER_DATE,EMAIL,ORDER_ID) values (201,5,2,to_date('08-JAN-23','DD-MON-RR'),'dopas01@pfw.edu',18264);
Insert into CHECKOUT_CART (ID,PRODUCT_ID,QTY,ORDER_DATE,EMAIL,ORDER_ID) values (234,19,1,to_date('08-JAN-23','DD-MON-RR'),'vivasdema@gmail.com',15293);
Insert into CHECKOUT_CART (ID,PRODUCT_ID,QTY,ORDER_DATE,EMAIL,ORDER_ID) values (102,8,2,to_date('08-JAN-23','DD-MON-RR'),'vivasdema@gmail.com',13834);
Insert into CHECKOUT_CART (ID,PRODUCT_ID,QTY,ORDER_DATE,EMAIL,ORDER_ID) values (599,28,2,to_date('09-JAN-23','DD-MON-RR'),'dopas01@pfw.edu',14200);
Insert into CHECKOUT_CART (ID,PRODUCT_ID,QTY,ORDER_DATE,EMAIL,ORDER_ID) values (464,23,2,to_date('09-JAN-23','DD-MON-RR'),'vivasdema@gmail.com',13341);
Insert into CHECKOUT_CART (ID,PRODUCT_ID,QTY,ORDER_DATE,EMAIL,ORDER_ID) values (287,12,1,to_date('09-JAN-23','DD-MON-RR'),'dopas01@pfw.edu',19503);
Insert into CHECKOUT_CART (ID,PRODUCT_ID,QTY,ORDER_DATE,EMAIL,ORDER_ID) values (190,14,1,to_date('09-JAN-23','DD-MON-RR'),'vivasdema@gmail.com',18630);
Insert into CHECKOUT_CART (ID,PRODUCT_ID,QTY,ORDER_DATE,EMAIL,ORDER_ID) values (244,4,2,to_date('09-JAN-23','DD-MON-RR'),'vivasdema@gmail.com',12301);
Insert into CHECKOUT_CART (ID,PRODUCT_ID,QTY,ORDER_DATE,EMAIL,ORDER_ID) values (123,15,2,to_date('09-JAN-23','DD-MON-RR'),'dopas01@pfw.edu',15293);
Insert into CHECKOUT_CART (ID,PRODUCT_ID,QTY,ORDER_DATE,EMAIL,ORDER_ID) values (533,16,2,to_date('10-JAN-23','DD-MON-RR'),'dopas01@pfw.edu',11808);
Insert into CHECKOUT_CART (ID,PRODUCT_ID,QTY,ORDER_DATE,EMAIL,ORDER_ID) values (299,16,2,to_date('10-JAN-23','DD-MON-RR'),'dopas01@pfw.edu',18072);
Insert into CHECKOUT_CART (ID,PRODUCT_ID,QTY,ORDER_DATE,EMAIL,ORDER_ID) values (480,12,2,to_date('10-JAN-23','DD-MON-RR'),'vivasdema@gmail.com',13546);
Insert into CHECKOUT_CART (ID,PRODUCT_ID,QTY,ORDER_DATE,EMAIL,ORDER_ID) values (397,13,2,to_date('10-JAN-23','DD-MON-RR'),'dopas01@pfw.edu',16709);
Insert into CHECKOUT_CART (ID,PRODUCT_ID,QTY,ORDER_DATE,EMAIL,ORDER_ID) values (420,11,1,to_date('10-JAN-23','DD-MON-RR'),'vivasdema@gmail.com',13541);
Insert into CHECKOUT_CART (ID,PRODUCT_ID,QTY,ORDER_DATE,EMAIL,ORDER_ID) values (323,14,2,to_date('10-JAN-23','DD-MON-RR'),'dopas01@pfw.edu',13918);
Insert into CHECKOUT_CART (ID,PRODUCT_ID,QTY,ORDER_DATE,EMAIL,ORDER_ID) values (333,19,1,to_date('11-JAN-23','DD-MON-RR'),'dopas01@pfw.edu',17651);
Insert into CHECKOUT_CART (ID,PRODUCT_ID,QTY,ORDER_DATE,EMAIL,ORDER_ID) values (344,24,2,to_date('11-JAN-23','DD-MON-RR'),'vivasdema@gmail.com',19541);
Insert into CHECKOUT_CART (ID,PRODUCT_ID,QTY,ORDER_DATE,EMAIL,ORDER_ID) values (426,4,1,to_date('11-JAN-23','DD-MON-RR'),'vivasdema@gmail.com',14393);
Insert into CHECKOUT_CART (ID,PRODUCT_ID,QTY,ORDER_DATE,EMAIL,ORDER_ID) values (233,15,1,to_date('11-JAN-23','DD-MON-RR'),'dopas01@pfw.edu',16738);
Insert into CHECKOUT_CART (ID,PRODUCT_ID,QTY,ORDER_DATE,EMAIL,ORDER_ID) values (118,18,1,to_date('11-JAN-23','DD-MON-RR'),'vivasdema@gmail.com',12947);
Insert into CHECKOUT_CART (ID,PRODUCT_ID,QTY,ORDER_DATE,EMAIL,ORDER_ID) values (132,27,1,to_date('11-JAN-23','DD-MON-RR'),'vivasdema@gmail.com',18485);
Insert into CHECKOUT_CART (ID,PRODUCT_ID,QTY,ORDER_DATE,EMAIL,ORDER_ID) values (487,2,2,to_date('11-JAN-23','DD-MON-RR'),'dopas01@pfw.edu',13941);
Insert into CHECKOUT_CART (ID,PRODUCT_ID,QTY,ORDER_DATE,EMAIL,ORDER_ID) values (577,6,1,to_date('12-JAN-23','DD-MON-RR'),'dopas01@pfw.edu',12241);
Insert into CHECKOUT_CART (ID,PRODUCT_ID,QTY,ORDER_DATE,EMAIL,ORDER_ID) values (486,4,1,to_date('12-JAN-23','DD-MON-RR'),'vivasdema@gmail.com',14544);
Insert into CHECKOUT_CART (ID,PRODUCT_ID,QTY,ORDER_DATE,EMAIL,ORDER_ID) values (381,1,1,to_date('12-JAN-23','DD-MON-RR'),'dopas01@pfw.edu',15697);
Insert into CHECKOUT_CART (ID,PRODUCT_ID,QTY,ORDER_DATE,EMAIL,ORDER_ID) values (346,4,2,to_date('12-JAN-23','DD-MON-RR'),'vivasdema@gmail.com',18758);
Insert into CHECKOUT_CART (ID,PRODUCT_ID,QTY,ORDER_DATE,EMAIL,ORDER_ID) values (363,3,2,to_date('13-JAN-23','DD-MON-RR'),'dopas01@pfw.edu',10697);
Insert into CHECKOUT_CART (ID,PRODUCT_ID,QTY,ORDER_DATE,EMAIL,ORDER_ID) values (193,3,2,to_date('13-JAN-23','DD-MON-RR'),'dopas01@pfw.edu',16737);
Insert into CHECKOUT_CART (ID,PRODUCT_ID,QTY,ORDER_DATE,EMAIL,ORDER_ID) values (162,23,2,to_date('13-JAN-23','DD-MON-RR'),'vivasdema@gmail.com',12382);
Insert into CHECKOUT_CART (ID,PRODUCT_ID,QTY,ORDER_DATE,EMAIL,ORDER_ID) values (371,7,1,to_date('13-JAN-23','DD-MON-RR'),'dopas01@pfw.edu',10972);
Insert into CHECKOUT_CART (ID,PRODUCT_ID,QTY,ORDER_DATE,EMAIL,ORDER_ID) values (369,25,1,to_date('14-JAN-23','DD-MON-RR'),'dopas01@pfw.edu',17352);
Insert into CHECKOUT_CART (ID,PRODUCT_ID,QTY,ORDER_DATE,EMAIL,ORDER_ID) values (125,11,2,to_date('14-JAN-23','DD-MON-RR'),'dopas01@pfw.edu',10866);
Insert into CHECKOUT_CART (ID,PRODUCT_ID,QTY,ORDER_DATE,EMAIL,ORDER_ID) values (462,16,1,to_date('14-JAN-23','DD-MON-RR'),'vivasdema@gmail.com',10739);
Insert into CHECKOUT_CART (ID,PRODUCT_ID,QTY,ORDER_DATE,EMAIL,ORDER_ID) values (443,12,1,to_date('14-JAN-23','DD-MON-RR'),'dopas01@pfw.edu',17567);
Insert into CHECKOUT_CART (ID,PRODUCT_ID,QTY,ORDER_DATE,EMAIL,ORDER_ID) values (549,2,2,to_date('15-JAN-23','DD-MON-RR'),'dopas01@pfw.edu',17241);
Insert into CHECKOUT_CART (ID,PRODUCT_ID,QTY,ORDER_DATE,EMAIL,ORDER_ID) values (172,22,1,to_date('15-JAN-23','DD-MON-RR'),'vivasdema@gmail.com',19489);
Insert into CHECKOUT_CART (ID,PRODUCT_ID,QTY,ORDER_DATE,EMAIL,ORDER_ID) values (111,29,2,to_date('15-JAN-23','DD-MON-RR'),'dopas01@pfw.edu',11839);
Insert into CHECKOUT_CART (ID,PRODUCT_ID,QTY,ORDER_DATE,EMAIL,ORDER_ID) values (515,10,2,to_date('15-JAN-23','DD-MON-RR'),'dopas01@pfw.edu',10693);
Insert into CHECKOUT_CART (ID,PRODUCT_ID,QTY,ORDER_DATE,EMAIL,ORDER_ID) values (569,23,2,to_date('16-JAN-23','DD-MON-RR'),'dopas01@pfw.edu',16908);
Insert into CHECKOUT_CART (ID,PRODUCT_ID,QTY,ORDER_DATE,EMAIL,ORDER_ID) values (350,16,1,to_date('16-JAN-23','DD-MON-RR'),'vivasdema@gmail.com',12477);
Insert into CHECKOUT_CART (ID,PRODUCT_ID,QTY,ORDER_DATE,EMAIL,ORDER_ID) values (124,16,1,to_date('16-JAN-23','DD-MON-RR'),'vivasdema@gmail.com',11497);
Insert into CHECKOUT_CART (ID,PRODUCT_ID,QTY,ORDER_DATE,EMAIL,ORDER_ID) values (400,6,1,to_date('16-JAN-23','DD-MON-RR'),'vivasdema@gmail.com',11999);
Insert into CHECKOUT_CART (ID,PRODUCT_ID,QTY,ORDER_DATE,EMAIL,ORDER_ID) values (514,12,1,to_date('16-JAN-23','DD-MON-RR'),'vivasdema@gmail.com',12549);
Insert into CHECKOUT_CART (ID,PRODUCT_ID,QTY,ORDER_DATE,EMAIL,ORDER_ID) values (394,24,1,to_date('16-JAN-23','DD-MON-RR'),'vivasdema@gmail.com',10319);
Insert into CHECKOUT_CART (ID,PRODUCT_ID,QTY,ORDER_DATE,EMAIL,ORDER_ID) values (546,21,1,to_date('18-JAN-23','DD-MON-RR'),'vivasdema@gmail.com',17469);
Insert into CHECKOUT_CART (ID,PRODUCT_ID,QTY,ORDER_DATE,EMAIL,ORDER_ID) values (572,14,1,to_date('18-JAN-23','DD-MON-RR'),'vivasdema@gmail.com',12707);
Insert into CHECKOUT_CART (ID,PRODUCT_ID,QTY,ORDER_DATE,EMAIL,ORDER_ID) values (318,11,1,to_date('18-JAN-23','DD-MON-RR'),'vivasdema@gmail.com',12065);
Insert into CHECKOUT_CART (ID,PRODUCT_ID,QTY,ORDER_DATE,EMAIL,ORDER_ID) values (406,16,2,to_date('18-JAN-23','DD-MON-RR'),'vivasdema@gmail.com',14894);
Insert into CHECKOUT_CART (ID,PRODUCT_ID,QTY,ORDER_DATE,EMAIL,ORDER_ID) values (282,14,2,to_date('18-JAN-23','DD-MON-RR'),'vivasdema@gmail.com',10222);
Insert into CHECKOUT_CART (ID,PRODUCT_ID,QTY,ORDER_DATE,EMAIL,ORDER_ID) values (527,23,2,to_date('18-JAN-23','DD-MON-RR'),'dopas01@pfw.edu',19875);
Insert into CHECKOUT_CART (ID,PRODUCT_ID,QTY,ORDER_DATE,EMAIL,ORDER_ID) values (105,23,2,to_date('18-JAN-23','DD-MON-RR'),'dopas01@pfw.edu',10323);
Insert into CHECKOUT_CART (ID,PRODUCT_ID,QTY,ORDER_DATE,EMAIL,ORDER_ID) values (272,26,1,to_date('18-JAN-23','DD-MON-RR'),'vivasdema@gmail.com',15542);
Insert into CHECKOUT_CART (ID,PRODUCT_ID,QTY,ORDER_DATE,EMAIL,ORDER_ID) values (433,7,1,to_date('18-JAN-23','DD-MON-RR'),'dopas01@pfw.edu',11758);
Insert into CHECKOUT_CART (ID,PRODUCT_ID,QTY,ORDER_DATE,EMAIL,ORDER_ID) values (529,13,2,to_date('19-JAN-23','DD-MON-RR'),'dopas01@pfw.edu',14947);
Insert into CHECKOUT_CART (ID,PRODUCT_ID,QTY,ORDER_DATE,EMAIL,ORDER_ID) values (252,25,2,to_date('19-JAN-23','DD-MON-RR'),'vivasdema@gmail.com',18869);
Insert into CHECKOUT_CART (ID,PRODUCT_ID,QTY,ORDER_DATE,EMAIL,ORDER_ID) values (217,5,1,to_date('20-JAN-23','DD-MON-RR'),'dopas01@pfw.edu',10511);
Insert into CHECKOUT_CART (ID,PRODUCT_ID,QTY,ORDER_DATE,EMAIL,ORDER_ID) values (115,12,2,to_date('20-JAN-23','DD-MON-RR'),'dopas01@pfw.edu',13141);
Insert into CHECKOUT_CART (ID,PRODUCT_ID,QTY,ORDER_DATE,EMAIL,ORDER_ID) values (517,11,2,to_date('21-JAN-23','DD-MON-RR'),'dopas01@pfw.edu',10446);
Insert into CHECKOUT_CART (ID,PRODUCT_ID,QTY,ORDER_DATE,EMAIL,ORDER_ID) values (528,9,1,to_date('21-JAN-23','DD-MON-RR'),'vivasdema@gmail.com',15497);
Insert into CHECKOUT_CART (ID,PRODUCT_ID,QTY,ORDER_DATE,EMAIL,ORDER_ID) values (468,7,1,to_date('21-JAN-23','DD-MON-RR'),'vivasdema@gmail.com',11677);
Insert into CHECKOUT_CART (ID,PRODUCT_ID,QTY,ORDER_DATE,EMAIL,ORDER_ID) values (484,28,1,to_date('21-JAN-23','DD-MON-RR'),'vivasdema@gmail.com',10107);
Insert into CHECKOUT_CART (ID,PRODUCT_ID,QTY,ORDER_DATE,EMAIL,ORDER_ID) values (359,4,2,to_date('22-JAN-23','DD-MON-RR'),'dopas01@pfw.edu',14329);
Insert into CHECKOUT_CART (ID,PRODUCT_ID,QTY,ORDER_DATE,EMAIL,ORDER_ID) values (271,9,2,to_date('22-JAN-23','DD-MON-RR'),'dopas01@pfw.edu',13123);
Insert into CHECKOUT_CART (ID,PRODUCT_ID,QTY,ORDER_DATE,EMAIL,ORDER_ID) values (128,22,2,to_date('22-JAN-23','DD-MON-RR'),'vivasdema@gmail.com',10177);
Insert into CHECKOUT_CART (ID,PRODUCT_ID,QTY,ORDER_DATE,EMAIL,ORDER_ID) values (175,15,2,to_date('22-JAN-23','DD-MON-RR'),'dopas01@pfw.edu',15463);
Insert into CHECKOUT_CART (ID,PRODUCT_ID,QTY,ORDER_DATE,EMAIL,ORDER_ID) values (410,9,2,to_date('22-JAN-23','DD-MON-RR'),'vivasdema@gmail.com',17448);
Insert into CHECKOUT_CART (ID,PRODUCT_ID,QTY,ORDER_DATE,EMAIL,ORDER_ID) values (250,26,1,to_date('22-JAN-23','DD-MON-RR'),'vivasdema@gmail.com',17843);
Insert into CHECKOUT_CART (ID,PRODUCT_ID,QTY,ORDER_DATE,EMAIL,ORDER_ID) values (278,19,1,to_date('22-JAN-23','DD-MON-RR'),'vivasdema@gmail.com',18662);
Insert into CHECKOUT_CART (ID,PRODUCT_ID,QTY,ORDER_DATE,EMAIL,ORDER_ID) values (399,18,2,to_date('23-JAN-23','DD-MON-RR'),'dopas01@pfw.edu',11958);
Insert into CHECKOUT_CART (ID,PRODUCT_ID,QTY,ORDER_DATE,EMAIL,ORDER_ID) values (309,17,1,to_date('23-JAN-23','DD-MON-RR'),'dopas01@pfw.edu',19312);
Insert into CHECKOUT_CART (ID,PRODUCT_ID,QTY,ORDER_DATE,EMAIL,ORDER_ID) values (298,3,2,to_date('23-JAN-23','DD-MON-RR'),'vivasdema@gmail.com',18309);
Insert into CHECKOUT_CART (ID,PRODUCT_ID,QTY,ORDER_DATE,EMAIL,ORDER_ID) values (511,4,2,to_date('23-JAN-23','DD-MON-RR'),'dopas01@pfw.edu',19063);
Insert into CHECKOUT_CART (ID,PRODUCT_ID,QTY,ORDER_DATE,EMAIL,ORDER_ID) values (199,29,2,to_date('23-JAN-23','DD-MON-RR'),'dopas01@pfw.edu',19058);
Insert into CHECKOUT_CART (ID,PRODUCT_ID,QTY,ORDER_DATE,EMAIL,ORDER_ID) values (137,15,2,to_date('23-JAN-23','DD-MON-RR'),'dopas01@pfw.edu',18816);
Insert into CHECKOUT_CART (ID,PRODUCT_ID,QTY,ORDER_DATE,EMAIL,ORDER_ID) values (456,6,1,to_date('23-JAN-23','DD-MON-RR'),'vivasdema@gmail.com',16321);
Insert into CHECKOUT_CART (ID,PRODUCT_ID,QTY,ORDER_DATE,EMAIL,ORDER_ID) values (545,16,2,to_date('24-JAN-23','DD-MON-RR'),'dopas01@pfw.edu',12807);
Insert into CHECKOUT_CART (ID,PRODUCT_ID,QTY,ORDER_DATE,EMAIL,ORDER_ID) values (200,6,2,to_date('24-JAN-23','DD-MON-RR'),'vivasdema@gmail.com',15771);
Insert into CHECKOUT_CART (ID,PRODUCT_ID,QTY,ORDER_DATE,EMAIL,ORDER_ID) values (497,16,1,to_date('25-JAN-23','DD-MON-RR'),'dopas01@pfw.edu',16765);
Insert into CHECKOUT_CART (ID,PRODUCT_ID,QTY,ORDER_DATE,EMAIL,ORDER_ID) values (161,18,1,to_date('26-JAN-23','DD-MON-RR'),'dopas01@pfw.edu',15807);
Insert into CHECKOUT_CART (ID,PRODUCT_ID,QTY,ORDER_DATE,EMAIL,ORDER_ID) values (412,17,2,to_date('26-JAN-23','DD-MON-RR'),'vivasdema@gmail.com',17358);
Insert into CHECKOUT_CART (ID,PRODUCT_ID,QTY,ORDER_DATE,EMAIL,ORDER_ID) values (268,21,1,to_date('26-JAN-23','DD-MON-RR'),'vivasdema@gmail.com',12452);
Insert into CHECKOUT_CART (ID,PRODUCT_ID,QTY,ORDER_DATE,EMAIL,ORDER_ID) values (179,5,2,to_date('26-JAN-23','DD-MON-RR'),'dopas01@pfw.edu',19012);
Insert into CHECKOUT_CART (ID,PRODUCT_ID,QTY,ORDER_DATE,EMAIL,ORDER_ID) values (585,2,1,to_date('26-JAN-23','DD-MON-RR'),'dopas01@pfw.edu',19972);
Insert into CHECKOUT_CART (ID,PRODUCT_ID,QTY,ORDER_DATE,EMAIL,ORDER_ID) values (163,14,1,to_date('26-JAN-23','DD-MON-RR'),'dopas01@pfw.edu',17969);
Insert into CHECKOUT_CART (ID,PRODUCT_ID,QTY,ORDER_DATE,EMAIL,ORDER_ID) values (335,21,1,to_date('26-JAN-23','DD-MON-RR'),'dopas01@pfw.edu',12798);
Insert into CHECKOUT_CART (ID,PRODUCT_ID,QTY,ORDER_DATE,EMAIL,ORDER_ID) values (424,9,2,to_date('27-JAN-23','DD-MON-RR'),'vivasdema@gmail.com',16621);
Insert into CHECKOUT_CART (ID,PRODUCT_ID,QTY,ORDER_DATE,EMAIL,ORDER_ID) values (219,6,2,to_date('27-JAN-23','DD-MON-RR'),'dopas01@pfw.edu',19709);
Insert into CHECKOUT_CART (ID,PRODUCT_ID,QTY,ORDER_DATE,EMAIL,ORDER_ID) values (114,1,1,to_date('27-JAN-23','DD-MON-RR'),'vivasdema@gmail.com',19595);
Insert into CHECKOUT_CART (ID,PRODUCT_ID,QTY,ORDER_DATE,EMAIL,ORDER_ID) values (334,10,2,to_date('27-JAN-23','DD-MON-RR'),'vivasdema@gmail.com',10390);
Insert into CHECKOUT_CART (ID,PRODUCT_ID,QTY,ORDER_DATE,EMAIL,ORDER_ID) values (108,15,1,to_date('27-JAN-23','DD-MON-RR'),'vivasdema@gmail.com',15386);
Insert into CHECKOUT_CART (ID,PRODUCT_ID,QTY,ORDER_DATE,EMAIL,ORDER_ID) values (498,8,2,to_date('27-JAN-23','DD-MON-RR'),'vivasdema@gmail.com',13921);
Insert into CHECKOUT_CART (ID,PRODUCT_ID,QTY,ORDER_DATE,EMAIL,ORDER_ID) values (541,24,1,to_date('28-JAN-23','DD-MON-RR'),'dopas01@pfw.edu',18888);
Insert into CHECKOUT_CART (ID,PRODUCT_ID,QTY,ORDER_DATE,EMAIL,ORDER_ID) values (240,30,2,to_date('28-JAN-23','DD-MON-RR'),'vivasdema@gmail.com',16193);
Insert into CHECKOUT_CART (ID,PRODUCT_ID,QTY,ORDER_DATE,EMAIL,ORDER_ID) values (180,9,1,to_date('29-JAN-23','DD-MON-RR'),'vivasdema@gmail.com',16665);
Insert into CHECKOUT_CART (ID,PRODUCT_ID,QTY,ORDER_DATE,EMAIL,ORDER_ID) values (393,28,2,to_date('29-JAN-23','DD-MON-RR'),'dopas01@pfw.edu',17881);
Insert into CHECKOUT_CART (ID,PRODUCT_ID,QTY,ORDER_DATE,EMAIL,ORDER_ID) values (148,28,1,to_date('29-JAN-23','DD-MON-RR'),'vivasdema@gmail.com',10621);
Insert into CHECKOUT_CART (ID,PRODUCT_ID,QTY,ORDER_DATE,EMAIL,ORDER_ID) values (542,16,1,to_date('29-JAN-23','DD-MON-RR'),'vivasdema@gmail.com',18048);
Insert into CHECKOUT_CART (ID,PRODUCT_ID,QTY,ORDER_DATE,EMAIL,ORDER_ID) values (482,29,1,to_date('29-JAN-23','DD-MON-RR'),'vivasdema@gmail.com',12797);
Insert into CHECKOUT_CART (ID,PRODUCT_ID,QTY,ORDER_DATE,EMAIL,ORDER_ID) values (347,18,2,to_date('29-JAN-23','DD-MON-RR'),'dopas01@pfw.edu',16421);
Insert into CHECKOUT_CART (ID,PRODUCT_ID,QTY,ORDER_DATE,EMAIL,ORDER_ID) values (31,9,1,to_date('30-APR-23','DD-MON-RR'),'vivasdema@gmail.com',17955);
Insert into CHECKOUT_CART (ID,PRODUCT_ID,QTY,ORDER_DATE,EMAIL,ORDER_ID) values (40,26,1,to_date('01-MAY-23','DD-MON-RR'),'dopas01@pfw.edu',26295);
Insert into CHECKOUT_CART (ID,PRODUCT_ID,QTY,ORDER_DATE,EMAIL,ORDER_ID) values (41,8,1,to_date('01-MAY-23','DD-MON-RR'),'dopas01@pfw.edu',26295);
Insert into CHECKOUT_CART (ID,PRODUCT_ID,QTY,ORDER_DATE,EMAIL,ORDER_ID) values (42,13,1,to_date('01-MAY-23','DD-MON-RR'),'dopas01@pfw.edu',26295);
Insert into CHECKOUT_CART (ID,PRODUCT_ID,QTY,ORDER_DATE,EMAIL,ORDER_ID) values (43,14,1,to_date('01-MAY-23','DD-MON-RR'),'dopas01@pfw.edu',26295);
Insert into CHECKOUT_CART (ID,PRODUCT_ID,QTY,ORDER_DATE,EMAIL,ORDER_ID) values (196,2,1,to_date('30-JAN-23','DD-MON-RR'),'vivasdema@gmail.com',14474);
Insert into CHECKOUT_CART (ID,PRODUCT_ID,QTY,ORDER_DATE,EMAIL,ORDER_ID) values (253,11,1,to_date('30-JAN-23','DD-MON-RR'),'dopas01@pfw.edu',18858);
Insert into CHECKOUT_CART (ID,PRODUCT_ID,QTY,ORDER_DATE,EMAIL,ORDER_ID) values (285,8,2,to_date('30-JAN-23','DD-MON-RR'),'dopas01@pfw.edu',13758);
Insert into CHECKOUT_CART (ID,PRODUCT_ID,QTY,ORDER_DATE,EMAIL,ORDER_ID) values (573,4,1,to_date('30-JAN-23','DD-MON-RR'),'dopas01@pfw.edu',10790);
Insert into CHECKOUT_CART (ID,PRODUCT_ID,QTY,ORDER_DATE,EMAIL,ORDER_ID) values (120,7,1,to_date('31-JAN-23','DD-MON-RR'),'vivasdema@gmail.com',16073);
Insert into CHECKOUT_CART (ID,PRODUCT_ID,QTY,ORDER_DATE,EMAIL,ORDER_ID) values (370,1,2,to_date('31-JAN-23','DD-MON-RR'),'vivasdema@gmail.com',15480);
Insert into CHECKOUT_CART (ID,PRODUCT_ID,QTY,ORDER_DATE,EMAIL,ORDER_ID) values (198,15,1,to_date('31-JAN-23','DD-MON-RR'),'vivasdema@gmail.com',14149);
Insert into CHECKOUT_CART (ID,PRODUCT_ID,QTY,ORDER_DATE,EMAIL,ORDER_ID) values (398,23,2,to_date('31-JAN-23','DD-MON-RR'),'vivasdema@gmail.com',12621);
Insert into CHECKOUT_CART (ID,PRODUCT_ID,QTY,ORDER_DATE,EMAIL,ORDER_ID) values (477,12,1,to_date('31-JAN-23','DD-MON-RR'),'dopas01@pfw.edu',17484);
Insert into CHECKOUT_CART (ID,PRODUCT_ID,QTY,ORDER_DATE,EMAIL,ORDER_ID) values (588,17,2,to_date('31-JAN-23','DD-MON-RR'),'vivasdema@gmail.com',15657);
Insert into CHECKOUT_CART (ID,PRODUCT_ID,QTY,ORDER_DATE,EMAIL,ORDER_ID) values (154,7,1,to_date('01-FEB-23','DD-MON-RR'),'vivasdema@gmail.com',19198);
Insert into CHECKOUT_CART (ID,PRODUCT_ID,QTY,ORDER_DATE,EMAIL,ORDER_ID) values (548,10,2,to_date('01-FEB-23','DD-MON-RR'),'vivasdema@gmail.com',18934);
Insert into CHECKOUT_CART (ID,PRODUCT_ID,QTY,ORDER_DATE,EMAIL,ORDER_ID) values (524,28,1,to_date('01-FEB-23','DD-MON-RR'),'vivasdema@gmail.com',14192);
Insert into CHECKOUT_CART (ID,PRODUCT_ID,QTY,ORDER_DATE,EMAIL,ORDER_ID) values (474,3,2,to_date('01-FEB-23','DD-MON-RR'),'vivasdema@gmail.com',19046);
Insert into CHECKOUT_CART (ID,PRODUCT_ID,QTY,ORDER_DATE,EMAIL,ORDER_ID) values (467,9,2,to_date('01-FEB-23','DD-MON-RR'),'dopas01@pfw.edu',17404);
Insert into CHECKOUT_CART (ID,PRODUCT_ID,QTY,ORDER_DATE,EMAIL,ORDER_ID) values (447,13,1,to_date('01-FEB-23','DD-MON-RR'),'dopas01@pfw.edu',17484);
Insert into CHECKOUT_CART (ID,PRODUCT_ID,QTY,ORDER_DATE,EMAIL,ORDER_ID) values (326,25,2,to_date('01-FEB-23','DD-MON-RR'),'vivasdema@gmail.com',11327);
Insert into CHECKOUT_CART (ID,PRODUCT_ID,QTY,ORDER_DATE,EMAIL,ORDER_ID) values (440,13,1,to_date('01-FEB-23','DD-MON-RR'),'vivasdema@gmail.com',19752);
Insert into CHECKOUT_CART (ID,PRODUCT_ID,QTY,ORDER_DATE,EMAIL,ORDER_ID) values (302,26,2,to_date('02-FEB-23','DD-MON-RR'),'vivasdema@gmail.com',15394);
Insert into CHECKOUT_CART (ID,PRODUCT_ID,QTY,ORDER_DATE,EMAIL,ORDER_ID) values (218,9,1,to_date('02-FEB-23','DD-MON-RR'),'vivasdema@gmail.com',18648);
Insert into CHECKOUT_CART (ID,PRODUCT_ID,QTY,ORDER_DATE,EMAIL,ORDER_ID) values (184,25,1,to_date('02-FEB-23','DD-MON-RR'),'vivasdema@gmail.com',14497);
Insert into CHECKOUT_CART (ID,PRODUCT_ID,QTY,ORDER_DATE,EMAIL,ORDER_ID) values (358,30,1,to_date('02-FEB-23','DD-MON-RR'),'vivasdema@gmail.com',10601);
Insert into CHECKOUT_CART (ID,PRODUCT_ID,QTY,ORDER_DATE,EMAIL,ORDER_ID) values (352,26,2,to_date('03-FEB-23','DD-MON-RR'),'vivasdema@gmail.com',12089);
Insert into CHECKOUT_CART (ID,PRODUCT_ID,QTY,ORDER_DATE,EMAIL,ORDER_ID) values (568,19,2,to_date('03-FEB-23','DD-MON-RR'),'vivasdema@gmail.com',14344);
Insert into CHECKOUT_CART (ID,PRODUCT_ID,QTY,ORDER_DATE,EMAIL,ORDER_ID) values (214,6,2,to_date('03-FEB-23','DD-MON-RR'),'vivasdema@gmail.com',10936);
Insert into CHECKOUT_CART (ID,PRODUCT_ID,QTY,ORDER_DATE,EMAIL,ORDER_ID) values (224,3,2,to_date('03-FEB-23','DD-MON-RR'),'vivasdema@gmail.com',15551);
Insert into CHECKOUT_CART (ID,PRODUCT_ID,QTY,ORDER_DATE,EMAIL,ORDER_ID) values (270,3,2,to_date('03-FEB-23','DD-MON-RR'),'vivasdema@gmail.com',10560);
Insert into CHECKOUT_CART (ID,PRODUCT_ID,QTY,ORDER_DATE,EMAIL,ORDER_ID) values (502,3,2,to_date('04-FEB-23','DD-MON-RR'),'vivasdema@gmail.com',12581);
Insert into CHECKOUT_CART (ID,PRODUCT_ID,QTY,ORDER_DATE,EMAIL,ORDER_ID) values (292,29,2,to_date('04-FEB-23','DD-MON-RR'),'vivasdema@gmail.com',12553);
Insert into CHECKOUT_CART (ID,PRODUCT_ID,QTY,ORDER_DATE,EMAIL,ORDER_ID) values (373,23,1,to_date('04-FEB-23','DD-MON-RR'),'dopas01@pfw.edu',18442);
Insert into CHECKOUT_CART (ID,PRODUCT_ID,QTY,ORDER_DATE,EMAIL,ORDER_ID) values (481,26,2,to_date('04-FEB-23','DD-MON-RR'),'dopas01@pfw.edu',14987);
Insert into CHECKOUT_CART (ID,PRODUCT_ID,QTY,ORDER_DATE,EMAIL,ORDER_ID) values (158,23,2,to_date('05-FEB-23','DD-MON-RR'),'vivasdema@gmail.com',12411);
Insert into CHECKOUT_CART (ID,PRODUCT_ID,QTY,ORDER_DATE,EMAIL,ORDER_ID) values (140,19,2,to_date('05-FEB-23','DD-MON-RR'),'vivasdema@gmail.com',10706);
Insert into CHECKOUT_CART (ID,PRODUCT_ID,QTY,ORDER_DATE,EMAIL,ORDER_ID) values (264,5,2,to_date('05-FEB-23','DD-MON-RR'),'vivasdema@gmail.com',13652);
Insert into CHECKOUT_CART (ID,PRODUCT_ID,QTY,ORDER_DATE,EMAIL,ORDER_ID) values (526,26,1,to_date('05-FEB-23','DD-MON-RR'),'vivasdema@gmail.com',10909);
Insert into CHECKOUT_CART (ID,PRODUCT_ID,QTY,ORDER_DATE,EMAIL,ORDER_ID) values (232,17,1,to_date('05-FEB-23','DD-MON-RR'),'vivasdema@gmail.com',11034);
Insert into CHECKOUT_CART (ID,PRODUCT_ID,QTY,ORDER_DATE,EMAIL,ORDER_ID) values (141,20,2,to_date('06-FEB-23','DD-MON-RR'),'dopas01@pfw.edu',18664);
Insert into CHECKOUT_CART (ID,PRODUCT_ID,QTY,ORDER_DATE,EMAIL,ORDER_ID) values (493,19,1,to_date('06-FEB-23','DD-MON-RR'),'dopas01@pfw.edu',11968);
Insert into CHECKOUT_CART (ID,PRODUCT_ID,QTY,ORDER_DATE,EMAIL,ORDER_ID) values (165,28,2,to_date('06-FEB-23','DD-MON-RR'),'dopas01@pfw.edu',18729);
Insert into CHECKOUT_CART (ID,PRODUCT_ID,QTY,ORDER_DATE,EMAIL,ORDER_ID) values (567,27,2,to_date('07-FEB-23','DD-MON-RR'),'dopas01@pfw.edu',10342);
Insert into CHECKOUT_CART (ID,PRODUCT_ID,QTY,ORDER_DATE,EMAIL,ORDER_ID) values (353,29,1,to_date('07-FEB-23','DD-MON-RR'),'dopas01@pfw.edu',14847);
Insert into CHECKOUT_CART (ID,PRODUCT_ID,QTY,ORDER_DATE,EMAIL,ORDER_ID) values (372,29,1,to_date('07-FEB-23','DD-MON-RR'),'vivasdema@gmail.com',17707);
Insert into CHECKOUT_CART (ID,PRODUCT_ID,QTY,ORDER_DATE,EMAIL,ORDER_ID) values (211,21,2,to_date('07-FEB-23','DD-MON-RR'),'dopas01@pfw.edu',18114);
Insert into CHECKOUT_CART (ID,PRODUCT_ID,QTY,ORDER_DATE,EMAIL,ORDER_ID) values (142,27,1,to_date('07-FEB-23','DD-MON-RR'),'vivasdema@gmail.com',13150);
Insert into CHECKOUT_CART (ID,PRODUCT_ID,QTY,ORDER_DATE,EMAIL,ORDER_ID) values (101,24,1,to_date('07-FEB-23','DD-MON-RR'),'dopas01@pfw.edu',16421);
Insert into CHECKOUT_CART (ID,PRODUCT_ID,QTY,ORDER_DATE,EMAIL,ORDER_ID) values (402,8,2,to_date('08-FEB-23','DD-MON-RR'),'vivasdema@gmail.com',18831);
Insert into CHECKOUT_CART (ID,PRODUCT_ID,QTY,ORDER_DATE,EMAIL,ORDER_ID) values (151,24,1,to_date('08-FEB-23','DD-MON-RR'),'dopas01@pfw.edu',14199);
Insert into CHECKOUT_CART (ID,PRODUCT_ID,QTY,ORDER_DATE,EMAIL,ORDER_ID) values (340,14,1,to_date('08-FEB-23','DD-MON-RR'),'vivasdema@gmail.com',10632);
Insert into CHECKOUT_CART (ID,PRODUCT_ID,QTY,ORDER_DATE,EMAIL,ORDER_ID) values (378,23,2,to_date('08-FEB-23','DD-MON-RR'),'vivasdema@gmail.com',16784);
Insert into CHECKOUT_CART (ID,PRODUCT_ID,QTY,ORDER_DATE,EMAIL,ORDER_ID) values (382,29,2,to_date('08-FEB-23','DD-MON-RR'),'vivasdema@gmail.com',17540);
Insert into CHECKOUT_CART (ID,PRODUCT_ID,QTY,ORDER_DATE,EMAIL,ORDER_ID) values (284,22,2,to_date('08-FEB-23','DD-MON-RR'),'vivasdema@gmail.com',19459);
Insert into CHECKOUT_CART (ID,PRODUCT_ID,QTY,ORDER_DATE,EMAIL,ORDER_ID) values (489,3,2,to_date('08-FEB-23','DD-MON-RR'),'dopas01@pfw.edu',19941);
Insert into CHECKOUT_CART (ID,PRODUCT_ID,QTY,ORDER_DATE,EMAIL,ORDER_ID) values (300,8,1,to_date('09-FEB-23','DD-MON-RR'),'vivasdema@gmail.com',10478);
Insert into CHECKOUT_CART (ID,PRODUCT_ID,QTY,ORDER_DATE,EMAIL,ORDER_ID) values (442,13,2,to_date('09-FEB-23','DD-MON-RR'),'vivasdema@gmail.com',10760);
Insert into CHECKOUT_CART (ID,PRODUCT_ID,QTY,ORDER_DATE,EMAIL,ORDER_ID) values (186,22,1,to_date('09-FEB-23','DD-MON-RR'),'vivasdema@gmail.com',13162);
Insert into CHECKOUT_CART (ID,PRODUCT_ID,QTY,ORDER_DATE,EMAIL,ORDER_ID) values (106,26,1,to_date('09-FEB-23','DD-MON-RR'),'vivasdema@gmail.com',15844);
Insert into CHECKOUT_CART (ID,PRODUCT_ID,QTY,ORDER_DATE,EMAIL,ORDER_ID) values (308,4,1,to_date('09-FEB-23','DD-MON-RR'),'vivasdema@gmail.com',18526);
Insert into CHECKOUT_CART (ID,PRODUCT_ID,QTY,ORDER_DATE,EMAIL,ORDER_ID) values (463,10,2,to_date('09-FEB-23','DD-MON-RR'),'dopas01@pfw.edu',11267);
Insert into CHECKOUT_CART (ID,PRODUCT_ID,QTY,ORDER_DATE,EMAIL,ORDER_ID) values (492,16,2,to_date('10-FEB-23','DD-MON-RR'),'vivasdema@gmail.com',12635);
Insert into CHECKOUT_CART (ID,PRODUCT_ID,QTY,ORDER_DATE,EMAIL,ORDER_ID) values (136,3,1,to_date('10-FEB-23','DD-MON-RR'),'vivasdema@gmail.com',16784);
Insert into CHECKOUT_CART (ID,PRODUCT_ID,QTY,ORDER_DATE,EMAIL,ORDER_ID) values (510,27,1,to_date('10-FEB-23','DD-MON-RR'),'vivasdema@gmail.com',19180);
Insert into CHECKOUT_CART (ID,PRODUCT_ID,QTY,ORDER_DATE,EMAIL,ORDER_ID) values (260,29,2,to_date('11-FEB-23','DD-MON-RR'),'vivasdema@gmail.com',12378);
Insert into CHECKOUT_CART (ID,PRODUCT_ID,QTY,ORDER_DATE,EMAIL,ORDER_ID) values (230,24,2,to_date('11-FEB-23','DD-MON-RR'),'vivasdema@gmail.com',16057);
Insert into CHECKOUT_CART (ID,PRODUCT_ID,QTY,ORDER_DATE,EMAIL,ORDER_ID) values (591,3,2,to_date('11-FEB-23','DD-MON-RR'),'dopas01@pfw.edu',16768);
Insert into CHECKOUT_CART (ID,PRODUCT_ID,QTY,ORDER_DATE,EMAIL,ORDER_ID) values (479,2,2,to_date('11-FEB-23','DD-MON-RR'),'dopas01@pfw.edu',18334);
Insert into CHECKOUT_CART (ID,PRODUCT_ID,QTY,ORDER_DATE,EMAIL,ORDER_ID) values (521,27,1,to_date('11-FEB-23','DD-MON-RR'),'dopas01@pfw.edu',18825);
Insert into CHECKOUT_CART (ID,PRODUCT_ID,QTY,ORDER_DATE,EMAIL,ORDER_ID) values (496,11,1,to_date('11-FEB-23','DD-MON-RR'),'vivasdema@gmail.com',18846);
Insert into CHECKOUT_CART (ID,PRODUCT_ID,QTY,ORDER_DATE,EMAIL,ORDER_ID) values (564,14,2,to_date('11-FEB-23','DD-MON-RR'),'vivasdema@gmail.com',14508);
Insert into CHECKOUT_CART (ID,PRODUCT_ID,QTY,ORDER_DATE,EMAIL,ORDER_ID) values (223,10,2,to_date('12-FEB-23','DD-MON-RR'),'dopas01@pfw.edu',15480);
Insert into CHECKOUT_CART (ID,PRODUCT_ID,QTY,ORDER_DATE,EMAIL,ORDER_ID) values (177,20,2,to_date('12-FEB-23','DD-MON-RR'),'dopas01@pfw.edu',12714);
Insert into CHECKOUT_CART (ID,PRODUCT_ID,QTY,ORDER_DATE,EMAIL,ORDER_ID) values (262,26,1,to_date('12-FEB-23','DD-MON-RR'),'vivasdema@gmail.com',17148);
Insert into CHECKOUT_CART (ID,PRODUCT_ID,QTY,ORDER_DATE,EMAIL,ORDER_ID) values (280,16,2,to_date('12-FEB-23','DD-MON-RR'),'vivasdema@gmail.com',17754);
Insert into CHECKOUT_CART (ID,PRODUCT_ID,QTY,ORDER_DATE,EMAIL,ORDER_ID) values (525,7,2,to_date('13-FEB-23','DD-MON-RR'),'dopas01@pfw.edu',12933);
Insert into CHECKOUT_CART (ID,PRODUCT_ID,QTY,ORDER_DATE,EMAIL,ORDER_ID) values (590,25,1,to_date('13-FEB-23','DD-MON-RR'),'vivasdema@gmail.com',10009);
Insert into CHECKOUT_CART (ID,PRODUCT_ID,QTY,ORDER_DATE,EMAIL,ORDER_ID) values (345,21,2,to_date('13-FEB-23','DD-MON-RR'),'dopas01@pfw.edu',13141);
Insert into CHECKOUT_CART (ID,PRODUCT_ID,QTY,ORDER_DATE,EMAIL,ORDER_ID) values (168,2,2,to_date('13-FEB-23','DD-MON-RR'),'vivasdema@gmail.com',16900);
Insert into CHECKOUT_CART (ID,PRODUCT_ID,QTY,ORDER_DATE,EMAIL,ORDER_ID) values (263,19,2,to_date('13-FEB-23','DD-MON-RR'),'dopas01@pfw.edu',12469);
Insert into CHECKOUT_CART (ID,PRODUCT_ID,QTY,ORDER_DATE,EMAIL,ORDER_ID) values (305,4,2,to_date('13-FEB-23','DD-MON-RR'),'dopas01@pfw.edu',15561);
Insert into CHECKOUT_CART (ID,PRODUCT_ID,QTY,ORDER_DATE,EMAIL,ORDER_ID) values (357,2,2,to_date('14-FEB-23','DD-MON-RR'),'dopas01@pfw.edu',12417);
Insert into CHECKOUT_CART (ID,PRODUCT_ID,QTY,ORDER_DATE,EMAIL,ORDER_ID) values (434,15,2,to_date('14-FEB-23','DD-MON-RR'),'vivasdema@gmail.com',16591);
Insert into CHECKOUT_CART (ID,PRODUCT_ID,QTY,ORDER_DATE,EMAIL,ORDER_ID) values (478,14,1,to_date('14-FEB-23','DD-MON-RR'),'vivasdema@gmail.com',14986);
Insert into CHECKOUT_CART (ID,PRODUCT_ID,QTY,ORDER_DATE,EMAIL,ORDER_ID) values (310,23,1,to_date('14-FEB-23','DD-MON-RR'),'vivasdema@gmail.com',19357);
Insert into CHECKOUT_CART (ID,PRODUCT_ID,QTY,ORDER_DATE,EMAIL,ORDER_ID) values (155,10,2,to_date('14-FEB-23','DD-MON-RR'),'dopas01@pfw.edu',16456);
Insert into CHECKOUT_CART (ID,PRODUCT_ID,QTY,ORDER_DATE,EMAIL,ORDER_ID) values (183,24,1,to_date('14-FEB-23','DD-MON-RR'),'dopas01@pfw.edu',14402);
Insert into CHECKOUT_CART (ID,PRODUCT_ID,QTY,ORDER_DATE,EMAIL,ORDER_ID) values (488,13,1,to_date('14-FEB-23','DD-MON-RR'),'vivasdema@gmail.com',10955);
Insert into CHECKOUT_CART (ID,PRODUCT_ID,QTY,ORDER_DATE,EMAIL,ORDER_ID) values (536,5,1,to_date('15-FEB-23','DD-MON-RR'),'vivasdema@gmail.com',19590);
Insert into CHECKOUT_CART (ID,PRODUCT_ID,QTY,ORDER_DATE,EMAIL,ORDER_ID) values (191,8,2,to_date('15-FEB-23','DD-MON-RR'),'dopas01@pfw.edu',10456);
Insert into CHECKOUT_CART (ID,PRODUCT_ID,QTY,ORDER_DATE,EMAIL,ORDER_ID) values (325,25,2,to_date('15-FEB-23','DD-MON-RR'),'dopas01@pfw.edu',16366);
Insert into CHECKOUT_CART (ID,PRODUCT_ID,QTY,ORDER_DATE,EMAIL,ORDER_ID) values (593,2,1,to_date('15-FEB-23','DD-MON-RR'),'dopas01@pfw.edu',14527);
Insert into CHECKOUT_CART (ID,PRODUCT_ID,QTY,ORDER_DATE,EMAIL,ORDER_ID) values (320,14,2,to_date('16-FEB-23','DD-MON-RR'),'vivasdema@gmail.com',15823);
Insert into CHECKOUT_CART (ID,PRODUCT_ID,QTY,ORDER_DATE,EMAIL,ORDER_ID) values (331,29,2,to_date('16-FEB-23','DD-MON-RR'),'dopas01@pfw.edu',18190);
Insert into CHECKOUT_CART (ID,PRODUCT_ID,QTY,ORDER_DATE,EMAIL,ORDER_ID) values (187,30,1,to_date('16-FEB-23','DD-MON-RR'),'dopas01@pfw.edu',10867);
Insert into CHECKOUT_CART (ID,PRODUCT_ID,QTY,ORDER_DATE,EMAIL,ORDER_ID) values (392,13,2,to_date('16-FEB-23','DD-MON-RR'),'vivasdema@gmail.com',12651);
Insert into CHECKOUT_CART (ID,PRODUCT_ID,QTY,ORDER_DATE,EMAIL,ORDER_ID) values (391,4,1,to_date('16-FEB-23','DD-MON-RR'),'dopas01@pfw.edu',12400);
Insert into CHECKOUT_CART (ID,PRODUCT_ID,QTY,ORDER_DATE,EMAIL,ORDER_ID) values (312,29,1,to_date('17-FEB-23','DD-MON-RR'),'vivasdema@gmail.com',15172);
Insert into CHECKOUT_CART (ID,PRODUCT_ID,QTY,ORDER_DATE,EMAIL,ORDER_ID) values (322,5,2,to_date('17-FEB-23','DD-MON-RR'),'vivasdema@gmail.com',12569);
Insert into CHECKOUT_CART (ID,PRODUCT_ID,QTY,ORDER_DATE,EMAIL,ORDER_ID) values (286,13,1,to_date('17-FEB-23','DD-MON-RR'),'vivasdema@gmail.com',10312);
Insert into CHECKOUT_CART (ID,PRODUCT_ID,QTY,ORDER_DATE,EMAIL,ORDER_ID) values (494,27,2,to_date('17-FEB-23','DD-MON-RR'),'vivasdema@gmail.com',14323);
Insert into CHECKOUT_CART (ID,PRODUCT_ID,QTY,ORDER_DATE,EMAIL,ORDER_ID) values (231,3,2,to_date('17-FEB-23','DD-MON-RR'),'dopas01@pfw.edu',16429);
Insert into CHECKOUT_CART (ID,PRODUCT_ID,QTY,ORDER_DATE,EMAIL,ORDER_ID) values (379,6,2,to_date('17-FEB-23','DD-MON-RR'),'dopas01@pfw.edu',12366);
Insert into CHECKOUT_CART (ID,PRODUCT_ID,QTY,ORDER_DATE,EMAIL,ORDER_ID) values (576,15,1,to_date('18-FEB-23','DD-MON-RR'),'vivasdema@gmail.com',16454);
Insert into CHECKOUT_CART (ID,PRODUCT_ID,QTY,ORDER_DATE,EMAIL,ORDER_ID) values (490,10,1,to_date('18-FEB-23','DD-MON-RR'),'vivasdema@gmail.com',18073);
Insert into CHECKOUT_CART (ID,PRODUCT_ID,QTY,ORDER_DATE,EMAIL,ORDER_ID) values (144,20,2,to_date('18-FEB-23','DD-MON-RR'),'vivasdema@gmail.com',18540);
Insert into CHECKOUT_CART (ID,PRODUCT_ID,QTY,ORDER_DATE,EMAIL,ORDER_ID) values (518,25,2,to_date('18-FEB-23','DD-MON-RR'),'vivasdema@gmail.com',18736);
Insert into CHECKOUT_CART (ID,PRODUCT_ID,QTY,ORDER_DATE,EMAIL,ORDER_ID) values (513,9,1,to_date('18-FEB-23','DD-MON-RR'),'dopas01@pfw.edu',13555);
Insert into CHECKOUT_CART (ID,PRODUCT_ID,QTY,ORDER_DATE,EMAIL,ORDER_ID) values (337,15,2,to_date('19-FEB-23','DD-MON-RR'),'dopas01@pfw.edu',17007);
Insert into CHECKOUT_CART (ID,PRODUCT_ID,QTY,ORDER_DATE,EMAIL,ORDER_ID) values (499,29,2,to_date('19-FEB-23','DD-MON-RR'),'dopas01@pfw.edu',15099);
Insert into CHECKOUT_CART (ID,PRODUCT_ID,QTY,ORDER_DATE,EMAIL,ORDER_ID) values (205,17,1,to_date('19-FEB-23','DD-MON-RR'),'dopas01@pfw.edu',18164);
Insert into CHECKOUT_CART (ID,PRODUCT_ID,QTY,ORDER_DATE,EMAIL,ORDER_ID) values (153,14,1,to_date('19-FEB-23','DD-MON-RR'),'dopas01@pfw.edu',11006);
Insert into CHECKOUT_CART (ID,PRODUCT_ID,QTY,ORDER_DATE,EMAIL,ORDER_ID) values (133,27,1,to_date('19-FEB-23','DD-MON-RR'),'dopas01@pfw.edu',13169);
Insert into CHECKOUT_CART (ID,PRODUCT_ID,QTY,ORDER_DATE,EMAIL,ORDER_ID) values (563,11,1,to_date('20-FEB-23','DD-MON-RR'),'dopas01@pfw.edu',14828);
Insert into CHECKOUT_CART (ID,PRODUCT_ID,QTY,ORDER_DATE,EMAIL,ORDER_ID) values (435,11,1,to_date('20-FEB-23','DD-MON-RR'),'dopas01@pfw.edu',18099);
Insert into CHECKOUT_CART (ID,PRODUCT_ID,QTY,ORDER_DATE,EMAIL,ORDER_ID) values (228,29,2,to_date('20-FEB-23','DD-MON-RR'),'vivasdema@gmail.com',18003);
Insert into CHECKOUT_CART (ID,PRODUCT_ID,QTY,ORDER_DATE,EMAIL,ORDER_ID) values (213,11,2,to_date('20-FEB-23','DD-MON-RR'),'dopas01@pfw.edu',12021);
Insert into CHECKOUT_CART (ID,PRODUCT_ID,QTY,ORDER_DATE,EMAIL,ORDER_ID) values (449,11,1,to_date('20-FEB-23','DD-MON-RR'),'dopas01@pfw.edu',12232);
Insert into CHECKOUT_CART (ID,PRODUCT_ID,QTY,ORDER_DATE,EMAIL,ORDER_ID) values (538,9,1,to_date('21-FEB-23','DD-MON-RR'),'vivasdema@gmail.com',13837);
Insert into CHECKOUT_CART (ID,PRODUCT_ID,QTY,ORDER_DATE,EMAIL,ORDER_ID) values (547,28,1,to_date('21-FEB-23','DD-MON-RR'),'dopas01@pfw.edu',14641);
Insert into CHECKOUT_CART (ID,PRODUCT_ID,QTY,ORDER_DATE,EMAIL,ORDER_ID) values (596,8,1,to_date('21-FEB-23','DD-MON-RR'),'vivasdema@gmail.com',19584);
Insert into CHECKOUT_CART (ID,PRODUCT_ID,QTY,ORDER_DATE,EMAIL,ORDER_ID) values (338,16,1,to_date('21-FEB-23','DD-MON-RR'),'vivasdema@gmail.com',19135);
Insert into CHECKOUT_CART (ID,PRODUCT_ID,QTY,ORDER_DATE,EMAIL,ORDER_ID) values (204,16,1,to_date('21-FEB-23','DD-MON-RR'),'vivasdema@gmail.com',12977);
Insert into CHECKOUT_CART (ID,PRODUCT_ID,QTY,ORDER_DATE,EMAIL,ORDER_ID) values (483,6,2,to_date('21-FEB-23','DD-MON-RR'),'dopas01@pfw.edu',13857);
Insert into CHECKOUT_CART (ID,PRODUCT_ID,QTY,ORDER_DATE,EMAIL,ORDER_ID) values (122,21,1,to_date('21-FEB-23','DD-MON-RR'),'vivasdema@gmail.com',12570);
Insert into CHECKOUT_CART (ID,PRODUCT_ID,QTY,ORDER_DATE,EMAIL,ORDER_ID) values (192,15,2,to_date('21-FEB-23','DD-MON-RR'),'vivasdema@gmail.com',12138);
Insert into CHECKOUT_CART (ID,PRODUCT_ID,QTY,ORDER_DATE,EMAIL,ORDER_ID) values (409,4,1,to_date('21-FEB-23','DD-MON-RR'),'dopas01@pfw.edu',19071);
Insert into CHECKOUT_CART (ID,PRODUCT_ID,QTY,ORDER_DATE,EMAIL,ORDER_ID) values (553,23,1,to_date('22-FEB-23','DD-MON-RR'),'dopas01@pfw.edu',19443);
Insert into CHECKOUT_CART (ID,PRODUCT_ID,QTY,ORDER_DATE,EMAIL,ORDER_ID) values (587,24,1,to_date('22-FEB-23','DD-MON-RR'),'dopas01@pfw.edu',14470);
Insert into CHECKOUT_CART (ID,PRODUCT_ID,QTY,ORDER_DATE,EMAIL,ORDER_ID) values (592,25,2,to_date('22-FEB-23','DD-MON-RR'),'vivasdema@gmail.com',19908);
Insert into CHECKOUT_CART (ID,PRODUCT_ID,QTY,ORDER_DATE,EMAIL,ORDER_ID) values (319,9,2,to_date('22-FEB-23','DD-MON-RR'),'dopas01@pfw.edu',15081);
Insert into CHECKOUT_CART (ID,PRODUCT_ID,QTY,ORDER_DATE,EMAIL,ORDER_ID) values (405,8,2,to_date('22-FEB-23','DD-MON-RR'),'dopas01@pfw.edu',17566);
Insert into CHECKOUT_CART (ID,PRODUCT_ID,QTY,ORDER_DATE,EMAIL,ORDER_ID) values (289,13,1,to_date('22-FEB-23','DD-MON-RR'),'dopas01@pfw.edu',16953);
Insert into CHECKOUT_CART (ID,PRODUCT_ID,QTY,ORDER_DATE,EMAIL,ORDER_ID) values (469,30,2,to_date('22-FEB-23','DD-MON-RR'),'dopas01@pfw.edu',13507);
Insert into CHECKOUT_CART (ID,PRODUCT_ID,QTY,ORDER_DATE,EMAIL,ORDER_ID) values (152,1,2,to_date('22-FEB-23','DD-MON-RR'),'vivasdema@gmail.com',15733);
Insert into CHECKOUT_CART (ID,PRODUCT_ID,QTY,ORDER_DATE,EMAIL,ORDER_ID) values (195,25,1,to_date('22-FEB-23','DD-MON-RR'),'dopas01@pfw.edu',14610);
Insert into CHECKOUT_CART (ID,PRODUCT_ID,QTY,ORDER_DATE,EMAIL,ORDER_ID) values (227,11,1,to_date('22-FEB-23','DD-MON-RR'),'dopas01@pfw.edu',10965);
Insert into CHECKOUT_CART (ID,PRODUCT_ID,QTY,ORDER_DATE,EMAIL,ORDER_ID) values (407,29,2,to_date('22-FEB-23','DD-MON-RR'),'dopas01@pfw.edu',12877);
Insert into CHECKOUT_CART (ID,PRODUCT_ID,QTY,ORDER_DATE,EMAIL,ORDER_ID) values (396,28,1,to_date('23-FEB-23','DD-MON-RR'),'vivasdema@gmail.com',19325);
Insert into CHECKOUT_CART (ID,PRODUCT_ID,QTY,ORDER_DATE,EMAIL,ORDER_ID) values (276,10,2,to_date('23-FEB-23','DD-MON-RR'),'vivasdema@gmail.com',14933);
Insert into CHECKOUT_CART (ID,PRODUCT_ID,QTY,ORDER_DATE,EMAIL,ORDER_ID) values (274,15,1,to_date('23-FEB-23','DD-MON-RR'),'vivasdema@gmail.com',12788);
Insert into CHECKOUT_CART (ID,PRODUCT_ID,QTY,ORDER_DATE,EMAIL,ORDER_ID) values (202,15,2,to_date('23-FEB-23','DD-MON-RR'),'vivasdema@gmail.com',15205);
REM INSERTING into ORDERS
SET DEFINE OFF;
REM INSERTING into PRODUCTS
SET DEFINE OFF;
Insert into PRODUCTS (ID,NAME,ADDED_ON,CAT_ID,IMG,QTY) values (26,'Corn',to_date('02-JAN-23','DD-MON-RR'),1,null,21);
Insert into PRODUCTS (ID,NAME,ADDED_ON,CAT_ID,IMG,QTY) values (31,'Spinach',null,4,'vegetables.jpg',15);
Insert into PRODUCTS (ID,NAME,ADDED_ON,CAT_ID,IMG,QTY) values (32,'Broccoli',null,4,'vegetables.jpg',10);
Insert into PRODUCTS (ID,NAME,ADDED_ON,CAT_ID,IMG,QTY) values (8,'Beans',to_date('02-JAN-23','DD-MON-RR'),1,null,52);
Insert into PRODUCTS (ID,NAME,ADDED_ON,CAT_ID,IMG,QTY) values (9,'Milk',to_date('02-JAN-23','DD-MON-RR'),2,null,22);
Insert into PRODUCTS (ID,NAME,ADDED_ON,CAT_ID,IMG,QTY) values (10,'Pork',to_date('02-JAN-23','DD-MON-RR'),3,null,20);
Insert into PRODUCTS (ID,NAME,ADDED_ON,CAT_ID,IMG,QTY) values (12,'Tuna',to_date('02-JAN-23','DD-MON-RR'),1,null,32);
Insert into PRODUCTS (ID,NAME,ADDED_ON,CAT_ID,IMG,QTY) values (13,'Carrot',to_date('02-JAN-23','DD-MON-RR'),1,null,21);
Insert into PRODUCTS (ID,NAME,ADDED_ON,CAT_ID,IMG,QTY) values (14,'Pea',to_date('02-JAN-23','DD-MON-RR'),1,null,25);
Insert into PRODUCTS (ID,NAME,ADDED_ON,CAT_ID,IMG,QTY) values (15,'Egg',to_date('02-JAN-23','DD-MON-RR'),2,null,8);
Insert into PRODUCTS (ID,NAME,ADDED_ON,CAT_ID,IMG,QTY) values (16,'Cheese',to_date('02-JAN-23','DD-MON-RR'),2,null,7);
Insert into PRODUCTS (ID,NAME,ADDED_ON,CAT_ID,IMG,QTY) values (17,'Butter',to_date('02-JAN-23','DD-MON-RR'),2,null,7);
Insert into PRODUCTS (ID,NAME,ADDED_ON,CAT_ID,IMG,QTY) values (18,'Chicken',to_date('02-JAN-23','DD-MON-RR'),3,null,7);
Insert into PRODUCTS (ID,NAME,ADDED_ON,CAT_ID,IMG,QTY) values (19,'Ham',to_date('02-JAN-23','DD-MON-RR'),3,null,14);
Insert into PRODUCTS (ID,NAME,ADDED_ON,CAT_ID,IMG,QTY) values (20,'Turkey',to_date('02-JAN-23','DD-MON-RR'),3,null,15);
Insert into PRODUCTS (ID,NAME,ADDED_ON,CAT_ID,IMG,QTY) values (21,'Potato',to_date('02-JAN-23','DD-MON-RR'),4,null,10);
Insert into PRODUCTS (ID,NAME,ADDED_ON,CAT_ID,IMG,QTY) values (22,'Tomato',to_date('02-JAN-23','DD-MON-RR'),4,null,20);
Insert into PRODUCTS (ID,NAME,ADDED_ON,CAT_ID,IMG,QTY) values (23,'Onion',to_date('02-JAN-23','DD-MON-RR'),4,null,10);
Insert into PRODUCTS (ID,NAME,ADDED_ON,CAT_ID,IMG,QTY) values (24,'Lettuce',to_date('02-JAN-23','DD-MON-RR'),4,null,10);
Insert into PRODUCTS (ID,NAME,ADDED_ON,CAT_ID,IMG,QTY) values (11,'Cucumber',to_date('02-JAN-23','DD-MON-RR'),4,null,12);
Insert into PRODUCTS (ID,NAME,ADDED_ON,CAT_ID,IMG,QTY) values (7,'Rice',to_date('02-JAN-23','DD-MON-RR'),6,null,20);
Insert into PRODUCTS (ID,NAME,ADDED_ON,CAT_ID,IMG,QTY) values (6,'Spaghetti',to_date('02-JAN-23','DD-MON-RR'),6,null,18);
Insert into PRODUCTS (ID,NAME,ADDED_ON,CAT_ID,IMG,QTY) values (5,'Bread',to_date('02-JAN-23','DD-MON-RR'),6,null,22);
Insert into PRODUCTS (ID,NAME,ADDED_ON,CAT_ID,IMG,QTY) values (25,'Yogurt',to_date('02-JAN-23','DD-MON-RR'),2,null,5);
Insert into PRODUCTS (ID,NAME,ADDED_ON,CAT_ID,IMG,QTY) values (4,'Banana',to_date('02-JAN-23','DD-MON-RR'),5,null,34);
Insert into PRODUCTS (ID,NAME,ADDED_ON,CAT_ID,IMG,QTY) values (3,'Apple',to_date('02-JAN-23','DD-MON-RR'),5,null,26);
Insert into PRODUCTS (ID,NAME,ADDED_ON,CAT_ID,IMG,QTY) values (2,'Orange',to_date('02-JAN-23','DD-MON-RR'),5,null,17);
Insert into PRODUCTS (ID,NAME,ADDED_ON,CAT_ID,IMG,QTY) values (1,'Grapes',to_date('02-JAN-23','DD-MON-RR'),5,null,11);
Insert into PRODUCTS (ID,NAME,ADDED_ON,CAT_ID,IMG,QTY) values (27,'Watermelon',to_date('02-JAN-23','DD-MON-RR'),5,null,8);
Insert into PRODUCTS (ID,NAME,ADDED_ON,CAT_ID,IMG,QTY) values (28,'Strawberry',to_date('02-JAN-23','DD-MON-RR'),5,null,10);
Insert into PRODUCTS (ID,NAME,ADDED_ON,CAT_ID,IMG,QTY) values (29,'Avocado',to_date('02-JAN-23','DD-MON-RR'),5,null,12);
Insert into PRODUCTS (ID,NAME,ADDED_ON,CAT_ID,IMG,QTY) values (30,'Peach',to_date('02-JAN-23','DD-MON-RR'),5,null,7);
REM INSERTING into SURVEY
SET DEFINE OFF;
Insert into SURVEY (ID,EMAIL,ETHNICITY,AGE,CATEGORY,EXPERIENCE,LOCATION,MEMBERS) values (5,'vivasdema@gmail.com','Black or African American','0-18','Meat','Below Average',null,'1');
Insert into SURVEY (ID,EMAIL,ETHNICITY,AGE,CATEGORY,EXPERIENCE,LOCATION,MEMBERS) values (6,'vivasdema@gmail.com','White','0-18','Canned Food','Below Average',null,'1');
Insert into SURVEY (ID,EMAIL,ETHNICITY,AGE,CATEGORY,EXPERIENCE,LOCATION,MEMBERS) values (11,'vivadm01@pfw.edu','White','19-35','Canned Food','Good',null,'1');
Insert into SURVEY (ID,EMAIL,ETHNICITY,AGE,CATEGORY,EXPERIENCE,LOCATION,MEMBERS) values (2,'vivasdema@gmail.com','White','0-18','Fruits','Below Average',null,'1');
Insert into SURVEY (ID,EMAIL,ETHNICITY,AGE,CATEGORY,EXPERIENCE,LOCATION,MEMBERS) values (9,'vivasdema@gmail.com','White','0-18','Canned Food','Below Average',null,'1');
Insert into SURVEY (ID,EMAIL,ETHNICITY,AGE,CATEGORY,EXPERIENCE,LOCATION,MEMBERS) values (12,'vivadm01@pfw.edu','White','0-18','Canned Food','Below Average',null,'1');
Insert into SURVEY (ID,EMAIL,ETHNICITY,AGE,CATEGORY,EXPERIENCE,LOCATION,MEMBERS) values (4,'vivasdema@gmail.com','White','0-18','Vegetables','Good',null,'1');
Insert into SURVEY (ID,EMAIL,ETHNICITY,AGE,CATEGORY,EXPERIENCE,LOCATION,MEMBERS) values (8,'vivasdema@gmail.com','White','0-18','Canned Food','Below Average',null,'1');
Insert into SURVEY (ID,EMAIL,ETHNICITY,AGE,CATEGORY,EXPERIENCE,LOCATION,MEMBERS) values (1,'vivasdema@gmail.com','Hispanic or Latino','19-59','Meat','Good','Walb Student Union','2-3');
Insert into SURVEY (ID,EMAIL,ETHNICITY,AGE,CATEGORY,EXPERIENCE,LOCATION,MEMBERS) values (3,'dopas01@pfw.edu','White','0-18','Fruits','Below Average',null,'1');
Insert into SURVEY (ID,EMAIL,ETHNICITY,AGE,CATEGORY,EXPERIENCE,LOCATION,MEMBERS) values (7,'vivasdema@gmail.com','White','0-18','Canned Food','Below Average',null,'1');
Insert into SURVEY (ID,EMAIL,ETHNICITY,AGE,CATEGORY,EXPERIENCE,LOCATION,MEMBERS) values (10,'vivasdema@gmail.com','White','0-18','Canned Food','Below Average',null,'1');
REM INSERTING into USERS
SET DEFINE OFF;
Insert into USERS (ID,NAME,EMAIL,PASSWORD,CREATED_AT,OTP,IS_EMAIL_VERIFIED,OTP_REQUESTTIME,FORGOT_OTP) values (101,'Martin Vivas','vivadm01@pfw.edu','vivadm01',null,'23730018',1,null,null);
Insert into USERS (ID,NAME,EMAIL,PASSWORD,CREATED_AT,OTP,IS_EMAIL_VERIFIED,OTP_REQUESTTIME,FORGOT_OTP) values (22,'vivasdema','vivasdema@gmail.com','vivasdema',to_date('28-APR-23','DD-MON-RR'),null,1,null,null);
Insert into USERS (ID,NAME,EMAIL,PASSWORD,CREATED_AT,OTP,IS_EMAIL_VERIFIED,OTP_REQUESTTIME,FORGOT_OTP) values (81,'user01','user01@gmail.com','user01user01',to_date('02-MAY-23','DD-MON-RR'),null,1,null,null);
Insert into USERS (ID,NAME,EMAIL,PASSWORD,CREATED_AT,OTP,IS_EMAIL_VERIFIED,OTP_REQUESTTIME,FORGOT_OTP) values (82,'user02','user02@gmail.com','user02user02',to_date('02-MAY-23','DD-MON-RR'),null,1,null,null);
Insert into USERS (ID,NAME,EMAIL,PASSWORD,CREATED_AT,OTP,IS_EMAIL_VERIFIED,OTP_REQUESTTIME,FORGOT_OTP) values (83,'user03','user03@gmail.com','user03user03',to_date('02-MAY-23','DD-MON-RR'),null,1,null,null);
Insert into USERS (ID,NAME,EMAIL,PASSWORD,CREATED_AT,OTP,IS_EMAIL_VERIFIED,OTP_REQUESTTIME,FORGOT_OTP) values (84,'user04','user04@gmail.com','user04user04',to_date('02-MAY-23','DD-MON-RR'),null,1,null,null);
Insert into USERS (ID,NAME,EMAIL,PASSWORD,CREATED_AT,OTP,IS_EMAIL_VERIFIED,OTP_REQUESTTIME,FORGOT_OTP) values (85,'user05','user05@gmail.com','user05user05',to_date('02-MAY-23','DD-MON-RR'),null,0,null,null);
Insert into USERS (ID,NAME,EMAIL,PASSWORD,CREATED_AT,OTP,IS_EMAIL_VERIFIED,OTP_REQUESTTIME,FORGOT_OTP) values (61,'Sharath','dopas01@pfw.edu','Sharath9999',null,'40699130',1,null,null);
